genero,edad,peso,altura,id_ejercicio,valoracion
male,42,87.4,169.0,1,8.8
female,31,75.2,171.9,2,7.6
male,35,95.8,177.4,3,9.2
male,38,81.9,168.9,4,8.4
female,34,61.6,158.5,5,8.7
female,33,57.2,155.2,6,8.1
male,32,86.8,181.9,7,9.4
female,47,44.1,156.5,8,8.3
female,20,79.9,163.5,9,7.6
male,37,83.2,166.6,10,7.6
female,38,60.1,164.3,11,10.0
female,33,71.6,176.2,12,7.8
male,29,91.9,178.2,13,7.9
female,50,64.8,164.2,14,7.9
male,35,78.1,172.4,15,8.5
female,29,83.7,172.6,16,7.0
female,29,61.0,159.8,17,7.7
male,16,74.5,166.0,18,7.2
male,18,109.8,179.4,19,7.9
male,27,80.3,181.1,20,8.2
male,42,74.6,179.5,21,8.0
female,33,57.4,154.0,22,7.9
female,32,71.4,161.4,23,6.6
female,40,56.7,162.6,24,7.8
female,35,68.0,170.5,25,7.8
male,33,94.2,189.1,26,7.3
male,17,90.0,177.8,27,10.0
female,17,65.3,154.8,28,7.8
female,50,67.5,165.9,29,8.9
male,25,91.1,176.5,30,6.1
female,45,65.9,169.3,31,7.4
female,22,72.6,158.4,32,7.6
female,26,62.1,156.0,33,7.0
male,29,90.5,167.9,34,8.9
male,19,99.9,173.6,35,7.8
male,16,76.5,176.4,36,6.4
male,25,82.2,172.5,37,8.7
male,19,68.9,167.9,38,9.1
male,27,64.7,163.0,39,7.3
female,34,58.4,155.2,40,8.1
male,40,68.2,162.5,41,8.7
male,32,84.0,182.0,42,7.8
female,39,63.7,164.7,43,5.6
male,33,86.0,171.5,44,8.1
male,32,75.2,167.7,45,6.4
male,16,88.6,173.0,46,6.9
male,16,87.6,178.2,47,8.7
male,36,77.7,169.5,48,9.5
male,43,81.4,169.4,49,9.6
male,31,99.9,180.9,50,6.3
male,21,94.0,178.8,51,8.6
female,19,53.4,164.7,52,9.3
female,24,60.4,164.8,53,8.2
male,19,80.5,176.1,54,8.1
male,22,90.7,169.9,55,7.9
male,33,85.6,178.4,56,7.5
female,25,65.8,165.6,57,8.5
female,24,70.3,166.6,58,7.4
female,34,53.2,158.3,59,7.6
female,33,57.1,164.3,60,7.4
female,33,69.5,159.0,61,6.7
male,31,78.3,170.4,62,8.0
male,45,75.2,171.9,63,9.1
male,23,96.0,188.6,64,8.1
male,29,83.1,177.1,65,8.1
female,30,61.8,164.3,66,7.3
male,18,98.9,194.5,67,9.7
male,38,64.6,159.8,68,7.8
female,41,67.9,167.1,69,8.4
female,41,61.9,171.7,70,7.7
male,43,101.4,180.0,71,10.0
male,16,88.2,180.0,72,8.1
female,36,71.1,172.2,73,5.3
female,45,82.8,172.1,74,7.3
female,45,72.9,164.1,75,6.6
female,31,77.4,165.3,76,8.1
female,27,55.2,157.9,77,9.0
female,31,69.6,161.2,78,9.4
female,33,75.1,168.6,79,7.9
female,28,77.2,170.2,80,8.9
female,51,63.2,151.3,81,7.1
male,42,91.6,173.7,82,9.8
female,39,72.4,170.7,83,7.8
female,19,69.6,162.7,84,7.5
female,44,62.1,162.2,85,9.5
male,32,89.8,166.8,86,9.1
female,43,78.9,163.0,87,8.8
female,34,67.9,169.5,88,7.4
male,28,103.2,188.4,89,9.3
male,37,79.5,180.0,90,6.2
male,16,105.1,178.0,91,6.8
female,16,55.9,158.1,92,6.7
female,32,74.5,168.5,93,8.0
female,36,58.2,158.3,94,7.6
female,40,44.8,155.6,95,7.8
female,36,71.6,165.4,96,7.1
female,34,54.9,154.4,97,7.7
male,21,73.2,164.8,98,6.7
female,46,61.9,156.6,99,7.5
male,29,91.5,175.1,100,8.4
female,42,67.5,155.8,101,8.3
female,29,44.9,153.0,102,7.4
female,40,65.9,156.2,103,7.4
male,16,90.2,183.2,104,7.0
male,21,87.4,178.8,105,8.4
male,39,93.9,171.8,106,7.3
female,24,71.4,167.2,107,8.7
female,30,56.7,166.6,108,7.7
male,39,85.6,172.0,109,8.5
male,23,109.6,184.4,110,8.6
female,20,49.3,157.7,111,8.9
female,16,69.0,164.5,112,7.1
male,29,90.1,174.1,113,7.1
male,36,73.0,160.9,114,8.6
male,43,96.5,169.2,115,8.9
male,28,78.9,177.7,116,8.7
female,36,66.8,158.9,117,6.9
female,37,68.6,161.1,118,7.7
female,22,51.4,157.3,119,6.7
male,47,92.8,180.1,120,7.0
female,38,64.3,156.4,121,7.2
male,30,84.7,167.9,122,9.8
female,31,61.6,154.7,123,8.7
male,21,74.0,166.5,124,6.7
female,29,60.5,159.6,125,9.8
female,32,70.3,174.7,126,8.5
male,34,79.3,164.5,127,7.1
female,16,70.0,174.8,128,8.6
female,32,58.3,156.7,129,8.8
female,43,68.0,161.7,130,8.2
male,16,90.0,184.8,131,8.3
male,33,85.1,171.9,132,6.8
male,51,95.3,180.2,133,8.4
male,39,95.6,179.9,134,8.6
male,31,88.9,168.9,135,7.7
male,25,78.1,166.9,136,7.5
female,47,51.5,164.3,137,8.4
female,31,68.5,161.4,138,9.3
male,23,71.0,162.7,139,6.7
female,30,54.1,155.6,140,8.6
male,20,75.8,168.7,141,7.4
male,16,85.8,179.0,142,7.8
female,37,51.7,151.3,143,9.4
female,34,74.4,170.4,144,8.4
female,44,66.6,164.7,145,7.0
male,37,85.9,173.4,146,7.6
female,16,59.8,159.1,147,8.5
male,31,88.5,171.3,148,8.7
male,26,72.5,167.3,149,7.9
male,41,82.5,177.2,150,8.2
male,24,74.6,162.9,151,7.7
male,17,88.3,173.9,152,8.6
male,26,80.1,173.5,153,10.0
female,43,61.1,160.5,154,7.9
female,19,49.8,157.2,155,8.2
male,21,86.1,180.1,156,9.0
male,35,90.3,180.4,157,7.2
male,42,72.4,164.6,158,6.4
female,32,57.8,160.0,159,9.1
female,33,67.0,160.0,160,8.4
male,22,73.0,174.9,161,8.1
male,18,91.6,174.3,162,8.0
female,27,60.8,156.7,163,9.1
female,26,73.2,167.8,164,8.8
female,33,75.8,165.7,165,8.5
female,40,50.6,159.4,166,8.5
female,23,71.7,165.4,167,7.7
female,16,66.7,161.5,168,9.0
male,25,85.8,183.0,169,7.3
male,32,75.6,172.6,170,8.8
male,16,110.4,189.7,171,7.6
male,51,81.8,178.3,172,7.4
male,43,61.4,162.6,173,7.7
female,29,69.7,157.1,174,6.3
female,27,66.3,166.2,175,9.1
male,25,90.0,174.4,176,7.7
female,30,57.5,160.6,177,9.7
female,53,54.4,155.1,178,9.1
female,39,71.6,175.5,179,8.7
male,44,90.9,176.8,180,10.0
male,47,96.8,179.7,181,6.8
female,44,66.1,159.8,182,8.0
male,41,101.0,178.4,183,8.4
male,36,74.9,170.4,184,8.7
female,35,71.2,166.8,185,7.6
female,22,83.8,160.9,186,9.7
female,29,57.7,152.6,187,7.4
female,59,54.2,156.9,188,6.4
male,33,98.6,177.8,189,5.9
male,20,90.3,179.7,190,7.5
female,20,75.2,167.2,191,9.8
male,31,78.2,178.2,192,6.1
male,17,98.0,178.4,193,8.3
male,44,68.6,170.0,194,8.2
male,16,90.0,183.1,195,7.6
male,38,71.5,165.2,196,9.6
female,32,67.3,162.5,197,10.0
male,34,59.3,156.9,198,7.9
male,36,88.2,178.8,199,8.5
male,22,79.4,174.1,200,8.0
female,41,56.4,154.5,201,7.5
male,35,88.2,183.5,202,8.9
female,45,63.2,163.9,203,8.5
male,16,104.8,191.8,204,8.6
female,35,69.2,161.7,205,7.9
female,24,67.0,158.5,206,7.6
male,19,69.2,173.3,207,8.0
male,40,102.1,183.3,208,7.5
female,38,69.5,168.0,209,8.3
male,23,88.8,178.8,210,7.5
male,16,87.7,176.0,211,8.9
male,18,77.8,171.2,212,6.3
female,32,73.7,171.6,213,8.7
female,30,79.2,162.9,214,7.5
male,28,75.9,163.0,215,7.5
male,39,86.5,178.6,216,7.5
female,16,55.0,162.2,217,8.4
male,32,67.1,170.9,218,6.9
female,21,69.6,159.8,219,8.7
male,33,89.1,180.2,220,8.0
male,41,96.2,177.3,221,7.2
female,16,56.4,159.7,222,7.6
female,16,62.7,155.4,223,9.0
male,22,93.8,172.8,224,6.7
male,43,108.7,178.6,225,8.6
female,20,58.6,156.1,226,7.5
male,26,81.5,175.8,227,9.4
female,41,66.7,171.0,228,6.7
male,53,88.6,172.6,229,8.1
female,21,59.3,164.0,230,8.4
male,40,74.2,177.1,231,8.7
female,33,58.5,161.8,232,9.4
female,32,66.6,165.1,233,9.3
male,28,71.4,165.8,234,7.2
male,27,79.8,172.1,235,8.8
male,27,73.6,170.9,236,8.4
male,44,89.9,179.5,237,9.7
male,22,97.1,176.9,238,9.8
male,22,96.2,178.2,239,10.0
male,40,90.7,180.3,240,8.4
female,49,75.1,175.0,241,8.9
male,35,81.0,176.5,242,8.0
male,16,90.2,174.6,243,9.7
female,16,76.7,169.6,244,8.2
female,29,57.6,158.1,245,7.0
male,25,86.0,174.8,246,7.0
male,35,92.2,168.2,247,8.0
female,34,74.7,165.0,248,7.8
female,16,56.4,165.2,249,6.9
female,20,66.4,157.3,250,7.4
male,27,88.6,172.4,251,5.8
female,27,80.9,168.7,252,8.4
female,33,58.3,156.8,253,8.6
female,33,57.9,162.0,254,8.2
male,35,64.1,167.2,255,5.4
male,28,68.2,161.8,256,8.4
female,36,72.7,163.2,257,9.5
male,31,84.7,179.2,258,8.1
male,16,100.8,183.3,259,8.7
male,37,80.5,171.2,260,7.1
female,30,63.6,164.9,261,6.7
female,34,83.9,163.5,262,5.9
female,35,88.3,165.9,263,7.6
male,26,107.0,196.3,264,8.1
male,34,88.8,183.4,265,9.0
female,36,67.7,164.4,266,8.1
female,22,56.4,152.6,267,8.7
female,26,61.9,156.8,268,9.6
male,23,88.7,169.6,269,8.1
male,35,69.4,165.8,270,6.3
male,29,95.4,182.2,271,9.2
male,28,55.9,154.1,272,5.9
female,29,65.4,160.9,273,7.7
female,51,46.0,151.0,274,7.7
male,22,83.3,179.4,275,9.8
female,39,60.0,162.2,276,8.4
male,21,80.2,178.9,277,10.0
male,26,95.7,181.0,278,9.5
male,33,78.1,169.6,279,8.6
female,39,57.8,161.1,280,6.9
male,28,85.5,169.2,281,9.8
male,16,82.3,171.7,282,6.7
male,25,80.6,172.3,283,8.9
male,27,85.2,167.8,284,8.3
female,55,65.5,162.5,285,8.9
male,16,82.3,175.2,286,7.9
male,39,76.8,179.0,287,7.6
male,42,87.9,180.0,288,9.2
female,16,52.4,156.7,289,10.0
male,45,91.1,171.3,290,7.7
male,30,77.2,168.9,291,8.5
female,24,69.8,169.0,292,9.7
male,47,77.8,180.3,293,7.7
female,28,65.6,158.2,294,8.1
female,35,58.4,163.2,295,7.3
female,41,66.0,164.7,296,7.5
male,35,98.1,176.2,297,8.2
male,54,92.0,178.4,298,7.5
female,46,53.5,158.4,299,8.0
female,28,73.5,172.6,300,8.7
female,17,58.0,159.4,301,8.1
female,49,69.4,157.6,302,8.4
male,34,85.2,185.8,303,7.8
female,38,71.9,158.9,304,8.9
female,33,65.7,170.6,305,7.9
female,45,60.1,155.2,306,7.3
male,34,74.4,177.1,307,7.7
female,25,71.9,156.7,308,7.8
male,26,82.6,176.9,309,8.8
male,43,95.7,183.3,310,8.6
male,36,101.5,183.7,311,7.5
male,16,93.6,184.7,312,7.9
male,27,87.6,172.3,313,6.7
female,28,67.7,159.6,314,9.1
male,28,100.4,180.1,315,9.3
male,22,100.7,184.1,316,8.8
female,38,61.8,157.2,317,8.6
male,21,83.6,172.5,318,9.7
male,28,88.3,174.4,319,9.4
male,57,78.0,163.3,320,8.0
female,49,46.9,151.6,321,8.6
male,37,96.3,172.2,322,8.3
female,29,56.1,166.4,323,8.2
male,38,99.1,185.1,324,8.3
female,38,68.9,163.6,325,8.6
male,35,66.4,170.2,326,8.2
male,30,80.8,174.8,327,8.8
male,17,88.0,177.9,328,8.1
male,40,100.2,184.0,329,7.7
female,30,57.6,164.7,330,6.4
male,38,88.6,166.5,331,8.2
female,20,74.2,158.1,332,6.6
female,35,55.9,162.7,333,9.8
female,38,66.2,156.0,334,8.3
male,20,90.5,182.9,335,8.7
male,34,94.2,183.8,336,6.9
male,31,104.8,178.2,337,7.4
female,37,60.1,156.0,338,6.6
male,34,66.5,166.4,339,6.4
female,21,57.2,156.4,340,7.8
male,31,77.1,178.5,341,10.0
female,25,67.3,165.2,342,8.0
female,33,66.8,165.7,343,6.7
male,31,85.9,172.0,344,9.0
female,44,72.8,162.4,345,6.3
female,27,76.5,167.9,346,8.2
male,22,72.2,168.5,347,6.3
female,29,55.6,154.4,348,10.0
male,35,87.8,169.3,349,6.4
female,35,51.4,152.8,350,7.5
male,31,94.4,178.3,351,8.6
male,42,87.7,168.9,352,10.0
male,26,81.5,177.1,353,8.0
male,28,72.9,162.8,354,9.7
male,21,100.0,183.2,355,9.6
female,32,65.9,162.3,356,7.2
male,16,98.8,181.0,357,7.1
female,39,58.6,160.3,358,9.1
male,28,85.7,173.6,359,7.9
female,42,61.1,166.6,360,5.7
male,32,80.3,168.6,361,6.3
male,25,90.6,183.9,362,6.6
female,28,64.5,162.1,363,9.0
male,40,94.4,176.9,364,6.0
female,29,77.3,172.8,365,7.7
male,42,98.0,183.1,366,5.4
female,25,69.6,151.9,367,9.5
female,40,65.8,160.2,368,9.2
female,30,51.2,159.4,369,7.2
male,25,78.7,178.6,370,8.5
female,31,70.4,164.9,371,7.9
male,44,81.9,175.8,372,8.1
female,20,70.6,159.2,373,7.3
male,36,56.6,155.2,374,7.7
female,45,59.7,164.6,375,8.4
male,29,77.6,161.1,376,7.7
male,20,80.7,176.2,377,7.2
male,36,81.1,171.6,378,7.8
male,47,66.2,161.8,379,9.2
female,48,53.1,157.8,380,8.5
female,56,65.5,169.0,381,8.2
male,19,75.7,176.5,382,9.2
male,30,76.2,178.4,383,8.1
female,49,78.4,175.5,384,9.8
male,33,90.1,186.0,385,8.6
male,33,72.3,165.5,386,7.7
male,45,72.9,160.8,387,5.7
female,43,64.4,162.7,388,8.5
male,34,87.1,171.2,389,8.0
female,38,74.8,161.8,390,7.5
male,41,67.7,162.6,391,7.2
female,32,45.6,150.6,392,6.9
female,24,70.5,168.3,393,7.1
female,22,60.9,158.9,394,6.6
female,38,66.5,157.1,395,7.6
male,18,78.4,167.5,396,8.6
female,19,57.5,155.1,397,8.8
female,28,62.0,154.3,398,8.7
female,42,60.2,170.2,399,7.4
male,23,68.4,167.9,400,6.7
female,31,56.1,156.3,401,8.2
female,21,66.3,161.0,402,7.7
female,44,58.0,155.3,403,7.9
female,23,70.6,165.5,404,8.1
female,29,52.2,159.7,405,7.1
female,39,62.5,164.0,406,5.7
female,23,55.1,151.1,407,8.3
male,16,80.4,179.8,408,7.1
male,39,105.8,186.9,409,7.7
male,35,81.8,171.0,410,8.5
female,49,73.9,170.7,411,8.0
female,40,62.9,157.5,412,8.3
female,28,60.7,152.3,413,8.4
female,30,58.4,158.3,414,7.0
male,44,81.2,181.0,415,7.9
female,38,64.2,161.4,416,7.7
female,18,56.7,155.9,417,8.6
male,21,70.4,165.8,418,7.5
male,17,69.8,171.4,419,7.4
male,34,79.9,171.5,420,8.3
female,31,60.8,164.6,421,7.9
female,31,62.9,158.5,422,10.0
female,16,55.6,167.0,423,8.2
female,43,55.3,166.3,424,9.0
male,34,69.5,164.4,425,8.1
female,39,71.5,159.0,426,9.1
female,23,60.2,160.9,427,7.1
female,35,51.4,159.1,428,7.3
male,48,77.1,165.2,429,5.6
male,33,83.8,186.5,430,7.3
female,35,44.7,157.3,431,6.3
female,26,71.3,162.6,432,9.0
female,24,41.2,150.0,433,8.1
male,37,81.0,183.4,434,9.2
male,33,70.5,172.7,435,9.2
male,32,66.9,163.7,436,6.5
male,35,90.2,173.0,437,7.5
female,38,47.9,156.7,438,6.5
male,32,82.2,179.0,439,6.6
male,22,86.3,183.0,440,8.9
male,32,79.2,174.0,441,8.1
male,24,81.6,173.9,442,8.2
male,30,81.7,172.8,443,8.2
male,30,94.0,181.3,444,6.6
male,33,82.8,180.5,445,9.1
male,20,83.6,168.3,446,10.0
female,16,46.4,154.0,447,9.7
male,37,84.5,181.1,448,6.8
female,19,51.2,152.5,449,6.8
female,34,66.8,157.0,450,7.7
male,36,88.8,171.9,451,9.0
female,22,70.7,161.8,452,9.4
male,29,82.4,176.4,453,8.5
male,34,87.9,169.6,454,7.5
female,32,80.7,162.2,455,9.0
male,37,67.2,175.9,456,10.0
male,27,80.9,179.2,457,9.3
female,19,70.0,158.4,458,8.6
female,35,71.9,155.8,459,7.9
female,26,69.8,160.9,460,9.7
male,32,80.5,171.2,461,8.4
male,32,98.0,182.1,462,7.7
female,27,60.1,160.8,463,8.2
female,30,55.7,168.7,464,9.7
male,16,87.9,178.8,465,6.1
female,44,73.1,165.5,466,9.7
female,47,42.3,154.9,467,8.2
male,37,90.4,175.4,468,10.0
male,29,89.6,178.7,469,8.2
female,30,60.4,159.4,470,6.0
female,23,88.2,163.0,471,9.1
male,26,75.6,163.9,472,7.5
female,21,65.7,159.7,473,8.2
male,36,107.0,187.6,474,7.8
male,21,82.7,183.1,475,5.9
female,32,60.7,162.1,476,7.9
male,19,89.2,173.7,477,8.8
female,29,67.1,170.6,478,7.9
female,21,61.2,159.1,479,7.6
male,39,85.1,178.0,480,6.8
male,40,85.3,170.6,481,8.8
male,50,72.5,160.1,482,7.9
male,38,91.7,183.6,483,8.5
female,27,70.0,165.5,484,8.3
male,42,70.4,160.6,485,10.0
female,40,70.8,165.7,486,10.0
male,37,68.5,167.8,487,10.0
female,26,72.6,169.8,488,8.5
male,24,88.9,182.6,489,8.3
male,31,91.4,180.8,490,7.8
male,26,85.8,175.8,491,9.1
female,39,65.0,158.7,492,6.5
male,27,86.5,174.4,493,7.3
male,26,75.9,169.1,494,9.1
male,24,87.8,174.8,495,9.5
male,16,58.3,164.0,496,8.1
female,18,51.8,165.1,497,7.1
female,36,53.3,158.7,498,9.6
female,16,76.2,162.7,499,7.0
female,25,65.6,161.9,500,9.1
male,24,92.9,187.5,501,8.0
male,37,105.3,185.8,502,8.6
male,23,100.8,184.5,503,7.3
female,38,70.6,165.2,504,9.8
male,36,88.3,177.8,505,9.7
female,30,66.3,165.7,506,6.5
male,42,94.8,180.9,507,7.8
female,16,62.1,162.1,508,7.6
female,27,55.9,157.9,509,7.1
male,31,95.1,187.7,510,7.5
female,24,59.4,167.0,511,8.7
male,20,75.0,168.7,512,7.9
female,21,62.0,162.5,513,8.0
female,33,58.5,159.0,514,8.4
female,31,55.4,154.9,515,8.4
male,36,82.2,172.3,516,9.6
female,31,57.8,154.2,517,8.4
female,26,58.7,160.8,518,8.5
female,23,58.8,156.5,519,9.3
male,37,80.0,175.9,520,7.7
male,27,79.9,173.2,521,9.5
male,37,73.9,168.3,522,7.2
male,32,81.7,163.2,523,8.6
female,39,59.5,158.9,524,7.0
female,45,64.6,158.0,525,8.3
female,26,64.4,159.7,526,8.0
female,24,30.7,154.2,527,7.7
male,21,89.9,182.1,528,7.0
female,39,67.6,160.1,529,8.0
male,51,87.2,170.6,530,8.1
male,21,94.5,173.8,531,6.6
female,30,64.1,156.8,532,8.8
male,30,93.3,179.6,533,9.4
female,20,60.5,161.2,534,7.4
male,23,74.1,170.3,535,8.7
male,37,91.5,175.4,536,7.0
female,24,75.1,160.9,537,8.5
male,50,96.2,187.4,538,6.7
male,36,74.8,170.6,539,8.5
male,23,94.2,189.4,540,8.6
male,29,80.6,172.1,541,6.3
male,37,91.8,172.1,542,8.0
female,42,52.7,163.9,543,7.9
male,17,71.6,174.4,544,7.4
female,29,78.2,169.2,545,8.8
male,21,84.9,173.3,546,9.0
male,25,88.9,173.2,547,7.9
male,18,68.4,168.7,548,8.6
female,20,64.7,161.8,549,7.3
female,53,68.1,166.2,550,7.2
male,31,92.0,166.8,551,8.9
female,16,75.3,166.5,552,7.2
male,48,63.1,165.1,553,8.9
female,59,67.4,163.0,554,7.2
female,32,59.2,162.9,555,7.9
male,26,88.4,178.2,556,6.9
male,29,83.3,185.0,557,6.5
male,26,89.2,168.7,558,7.9
female,25,56.2,156.1,559,7.6
female,21,47.1,161.3,560,9.3
male,36,78.5,164.8,561,7.4
female,30,64.3,157.8,562,7.4
male,32,98.6,173.8,563,7.7
female,32,60.1,165.5,564,6.8
male,40,77.4,178.5,565,8.6
male,35,88.2,177.3,566,9.0
female,29,70.7,165.7,567,8.4
female,32,66.7,167.4,568,8.5
female,44,66.7,158.4,569,9.0
female,33,40.7,148.5,570,8.0
male,20,102.8,181.0,571,7.9
female,36,61.1,164.4,572,9.1
female,39,66.7,163.2,573,7.6
female,26,67.8,163.0,574,9.0
male,36,105.5,178.5,575,7.9
male,26,94.8,186.8,576,7.6
female,37,72.7,157.6,577,7.5
male,25,81.3,177.7,578,7.9
female,45,74.9,163.9,579,9.0
male,27,83.3,171.8,580,8.4
male,33,79.4,170.3,581,6.2
female,21,66.2,163.4,582,9.3
female,43,64.1,165.2,583,8.3
male,29,85.7,171.0,584,7.3
female,35,72.5,163.4,585,9.3
male,16,85.1,179.3,586,7.7
female,30,54.0,165.6,587,6.4
female,34,59.0,156.8,588,8.4
male,40,88.8,180.3,589,7.5
female,44,71.7,166.5,590,8.5
male,21,110.6,194.8,591,8.6
male,43,75.6,165.0,592,7.9
male,37,77.1,173.7,593,10.0
female,44,65.2,166.6,594,8.7
female,31,60.1,152.7,595,9.4
female,32,67.8,169.9,596,8.1
female,58,50.6,160.0,597,6.8
female,51,65.8,167.8,598,7.7
male,34,67.3,171.2,599,7.9
male,19,86.0,179.0,600,9.1
male,43,99.0,184.8,601,10.0
female,26,60.0,159.3,602,9.7
female,36,53.5,155.5,603,7.6
female,38,58.4,155.6,604,5.6
male,24,103.2,189.2,605,7.3
female,29,67.1,172.8,606,6.9
female,37,61.0,161.5,607,9.2
female,35,61.4,161.1,608,9.5
female,23,57.1,157.6,609,9.0
male,29,83.6,177.7,610,8.7
male,25,90.2,176.4,611,8.5
male,16,75.1,164.1,612,8.2
male,25,95.0,186.3,613,7.6
male,23,76.2,178.1,614,6.6
male,35,75.8,167.2,615,7.5
female,20,77.5,174.2,616,8.4
male,50,89.8,176.3,617,6.2
female,40,69.6,156.7,618,8.9
male,24,100.2,171.1,619,9.5
male,16,76.0,165.0,620,9.1
female,41,64.6,160.6,621,7.4
male,28,88.8,173.6,622,8.8
male,29,74.4,170.4,623,7.7
male,33,81.9,181.8,624,7.0
male,54,90.7,175.3,625,6.9
female,36,67.4,161.2,626,7.8
male,51,63.8,159.0,627,6.2
male,19,82.7,166.4,628,9.5
female,38,57.3,157.8,629,9.1
male,59,78.1,169.2,630,6.6
male,25,92.1,176.3,631,7.0
male,30,94.0,174.0,632,8.8
female,30,42.7,154.2,633,7.4
male,38,80.0,169.8,634,7.4
female,36,56.1,161.5,635,8.0
female,46,59.1,162.6,636,8.7
female,30,67.8,166.6,637,7.4
female,22,66.1,161.8,638,8.5
female,43,72.5,159.2,639,6.8
female,37,50.1,155.8,640,6.9
male,47,85.4,175.9,641,8.5
female,30,64.8,162.6,642,8.4
female,35,60.8,161.7,643,7.2
male,16,81.2,170.7,644,6.8
male,16,87.9,168.1,645,8.5
male,32,93.6,177.4,646,7.7
female,17,69.3,163.0,647,6.0
male,23,102.7,189.0,648,6.9
female,33,90.3,180.8,649,9.7
female,46,67.7,164.0,650,8.6
female,25,69.9,166.1,651,8.7
male,21,94.8,182.7,652,6.1
female,40,72.5,173.5,653,7.4
male,32,84.6,177.6,654,9.0
male,16,80.9,177.6,655,7.0
male,29,77.0,177.5,656,7.8
male,33,95.1,183.1,657,7.4
male,34,79.4,177.0,658,7.8
male,34,75.7,162.2,659,7.6
female,17,59.7,161.4,660,8.6
male,20,78.0,177.8,661,9.3
female,16,57.9,160.4,662,5.8
male,45,84.9,175.2,663,6.9
female,31,61.6,165.2,664,6.7
female,31,62.1,155.4,665,6.8
female,38,72.0,164.2,666,8.9
male,36,87.2,169.7,667,8.4
male,42,86.8,163.1,668,8.7
male,32,91.4,180.3,669,6.9
female,33,56.5,158.0,670,5.5
female,37,44.0,154.8,671,8.7
male,44,77.0,171.9,672,7.6
female,32,75.6,172.9,673,8.9
female,48,52.5,162.1,674,6.8
male,37,63.1,171.7,675,9.9
male,30,87.5,177.1,676,9.2
female,38,55.7,164.0,677,9.8
male,20,95.0,179.8,678,5.2
female,28,56.0,157.4,679,7.9
female,37,58.0,162.6,680,7.7
male,46,86.7,164.1,681,6.3
female,28,67.3,163.9,682,7.1
female,42,56.6,159.4,683,7.4
male,16,96.8,179.8,684,6.9
male,26,91.3,180.9,685,7.5
female,37,73.4,160.1,686,7.3
female,22,72.9,165.8,687,7.0
male,23,74.5,173.0,688,8.0
male,16,97.6,180.9,689,7.3
male,37,89.2,174.7,690,10.0
male,21,89.9,177.5,691,9.5
male,33,86.0,172.8,692,7.7
male,34,96.4,177.1,693,7.2
male,44,94.7,184.0,694,7.1
female,49,77.2,166.5,695,8.7
female,28,65.6,162.4,696,7.5
female,21,64.5,159.0,697,8.8
female,32,43.6,150.3,698,8.1
female,28,72.5,166.0,699,9.4
male,41,85.4,174.7,700,8.3
female,25,71.6,166.4,701,8.7
male,48,98.4,184.1,702,8.2
male,26,82.9,180.3,703,7.5
female,38,68.2,164.6,704,10.0
female,42,63.4,157.4,705,8.5
female,21,66.6,160.7,706,9.8
male,39,90.6,170.5,707,9.2
male,49,72.1,173.9,708,7.5
female,31,70.0,166.9,709,6.7
female,52,89.8,175.3,710,8.4
male,31,87.7,180.6,711,8.3
female,38,50.2,146.6,712,7.2
male,25,86.9,170.7,713,9.5
male,28,90.4,175.7,714,7.7
male,34,61.9,165.9,715,7.3
male,25,109.4,186.7,716,7.2
female,26,71.6,156.1,717,6.3
male,35,71.8,164.6,718,7.8
male,29,86.5,172.0,719,8.9
female,53,81.1,160.9,720,6.2
male,36,85.7,183.3,721,8.9
female,48,72.8,168.4,722,7.6
female,41,71.0,162.4,723,8.4
male,37,75.0,172.7,724,8.2
male,16,86.2,179.9,725,6.4
female,39,58.2,155.9,726,8.6
female,38,74.5,170.3,727,7.8
female,27,56.0,146.9,728,8.6
female,32,54.9,161.2,729,8.8
male,16,73.3,166.8,730,6.5
male,44,83.4,173.4,731,8.1
female,31,57.6,162.9,732,7.0
female,41,60.1,163.7,733,8.2
female,28,64.5,163.2,734,9.2
female,31,65.0,155.1,735,8.1
female,36,60.3,164.9,736,7.6
male,50,87.6,178.4,737,8.1
male,34,98.2,173.2,738,9.3
male,33,83.1,169.8,739,7.0
female,26,50.0,156.6,740,8.5
female,18,82.7,167.5,741,7.6
female,29,69.7,168.5,742,9.7
male,19,90.4,168.6,743,7.6
male,49,66.0,175.3,744,8.7
male,33,86.0,179.4,745,8.2
female,27,56.2,156.0,746,8.0
male,16,85.1,172.9,747,8.3
female,22,46.4,158.2,748,10.0
female,44,67.9,158.9,749,10.0
female,18,65.4,155.7,750,8.2
female,33,60.9,156.6,751,7.5
female,25,74.1,166.2,752,5.8
male,27,82.1,166.8,753,8.4
female,43,63.1,160.3,754,8.4
male,26,95.1,177.1,755,6.3
female,34,62.7,161.6,756,8.5
male,48,83.4,182.1,757,9.7
male,24,82.4,171.9,758,8.9
male,48,76.0,174.2,759,7.0
female,40,57.0,164.9,760,6.5
male,31,64.5,170.2,761,7.5
female,33,54.8,162.1,762,8.0
male,38,92.7,179.8,763,8.6
female,35,59.4,159.6,764,6.8
male,43,89.7,170.5,765,7.1
male,35,88.8,170.2,766,8.2
male,35,83.0,164.0,767,6.9
female,24,60.2,153.6,768,9.0
male,36,72.7,170.0,769,7.3
female,25,64.2,165.4,770,7.4
male,40,91.2,178.6,771,7.3
female,38,38.1,146.2,772,8.6
female,31,69.3,162.2,773,9.0
female,27,36.6,152.0,774,6.7
male,30,87.8,184.2,775,8.7
male,36,72.3,173.3,776,6.8
female,34,72.4,165.0,777,7.6
male,23,78.1,169.1,778,7.9
female,33,70.3,167.7,779,8.4
female,39,71.6,157.9,780,7.9
female,40,71.4,171.9,781,7.1
female,26,58.9,165.4,782,7.2
female,43,55.0,165.5,783,9.6
male,44,74.5,172.4,784,9.1
male,28,76.8,174.8,785,7.3
female,32,67.1,163.4,786,8.5
male,22,95.4,176.5,787,7.6
female,29,53.5,152.2,788,7.3
female,33,55.9,151.8,789,8.3
male,26,81.1,172.7,790,4.4
female,42,71.7,165.2,791,7.8
female,27,76.6,173.1,792,10.0
female,16,89.0,164.2,793,8.0
male,44,99.2,177.6,794,7.9
female,34,64.8,159.1,795,6.0
male,42,81.4,168.9,796,8.2
female,16,65.8,167.2,797,9.2
female,39,68.1,163.3,798,7.3
male,16,69.3,164.7,799,6.7
female,26,66.1,164.0,800,7.3
male,50,73.9,164.6,801,5.9
female,29,72.6,162.5,802,8.6
male,34,107.1,187.5,803,7.2
male,25,79.3,169.1,804,8.5
male,30,82.2,172.9,805,6.6
female,32,55.9,157.2,806,7.1
male,39,73.1,169.9,807,5.1
female,20,67.7,160.2,808,6.3
male,38,80.7,174.7,809,6.3
male,38,100.2,183.2,810,7.7
male,38,72.1,178.1,811,8.1
female,34,66.9,162.7,812,9.3
male,23,61.4,154.9,813,6.8
female,29,58.9,155.2,814,5.7
female,21,64.4,168.2,815,8.4
male,45,88.0,179.5,816,7.7
male,20,103.9,177.7,817,5.6
female,39,51.5,157.1,818,6.6
female,37,60.9,156.3,819,5.0
male,30,72.9,164.8,820,6.8
male,25,73.8,162.7,821,6.5
female,37,68.7,162.4,822,5.9
female,25,68.3,162.5,823,6.5
male,38,71.6,162.7,824,7.2
male,42,53.7,163.1,825,6.1
female,20,70.7,161.6,826,6.8
female,16,66.7,167.8,827,6.5
male,29,92.3,184.3,828,8.9
male,31,87.0,166.4,829,6.6
female,34,68.3,159.8,830,6.2
male,25,87.5,169.6,831,5.5
female,34,59.5,162.3,832,6.4
female,39,54.5,162.9,833,5.8
female,16,65.8,167.2,834,10.0
male,17,87.1,172.5,835,5.9
female,29,63.4,158.8,836,6.9
male,24,101.4,180.4,837,5.9
male,24,89.4,173.3,838,6.4
male,30,83.2,172.1,839,6.1
male,16,76.9,176.0,840,8.7
male,34,101.9,183.7,841,7.0
male,43,76.0,168.0,842,8.6
female,18,56.1,155.7,843,8.6
female,35,78.9,165.4,844,10.0
male,40,104.6,186.9,845,5.8
female,16,73.9,164.5,846,7.5
female,35,68.7,164.7,847,7.8
male,23,79.7,170.8,848,5.8
male,43,99.2,186.3,849,5.5
female,17,75.7,168.3,850,7.2
female,21,50.6,163.6,851,6.8
male,27,85.7,175.8,852,10.0
male,38,67.0,167.3,853,7.1
male,36,80.8,174.3,854,8.1
male,23,85.3,171.5,855,7.2
female,16,70.1,155.1,856,5.8
male,26,71.8,172.6,857,8.6
male,39,80.6,169.9,858,5.8
male,34,82.7,173.8,859,6.5
male,23,85.6,170.5,860,7.9
female,17,49.8,148.6,861,7.5
female,16,66.6,166.9,862,8.2
female,40,68.2,167.1,863,6.8
male,44,96.6,178.2,864,6.2
male,46,83.4,177.9,865,7.1
male,39,83.8,170.4,866,4.2
female,26,57.9,162.8,867,7.7
male,27,48.6,162.1,868,7.6
male,37,100.2,179.9,869,6.1
male,34,103.6,189.3,870,9.4
male,40,105.9,182.2,871,6.8
female,29,70.1,168.6,872,7.1
female,32,61.3,172.1,873,5.4
male,31,76.0,164.7,874,6.3
male,43,71.3,163.7,875,7.6
female,23,58.4,151.6,876,5.3
male,53,111.1,182.0,877,6.1
female,51,59.7,164.0,878,7.0
female,44,59.8,156.5,879,9.2
female,24,55.9,158.6,880,7.2
male,31,88.8,184.5,881,6.3
female,55,71.4,170.3,882,6.2
female,17,64.2,164.0,883,7.0
female,25,62.4,157.9,884,7.8
female,39,67.7,154.8,885,7.1
female,51,66.1,153.0,886,8.7
female,33,52.4,163.9,887,7.5
male,33,75.7,175.8,888,7.0
male,43,86.0,179.6,889,7.1
female,31,75.4,166.5,890,6.5
female,49,75.5,165.7,891,9.9
female,31,60.2,161.9,892,7.1
female,38,68.3,164.2,893,5.6
male,37,66.4,168.5,894,6.8
female,25,53.1,146.3,895,7.3
male,39,99.3,178.4,896,6.0
male,48,59.4,169.8,897,8.1
male,39,92.9,181.8,898,7.2
female,34,53.4,157.2,899,7.4
male,33,75.6,163.2,900,5.7
female,42,60.7,162.3,901,6.1
male,40,88.6,169.6,902,6.9
male,16,84.9,179.2,903,5.5
male,38,84.4,164.7,904,7.2
female,27,67.4,165.9,905,9.5
female,26,66.5,159.4,906,8.2
male,39,73.7,170.3,907,6.8
female,28,62.7,162.5,908,6.0
male,20,105.6,193.6,909,8.7
female,35,40.8,150.1,910,6.7
female,42,62.9,159.2,911,6.5
male,30,79.0,165.4,912,6.2
female,17,82.1,166.4,913,6.3
female,16,71.4,158.7,914,6.7
male,31,79.7,172.4,915,7.1
female,37,59.1,160.0,916,7.5
male,26,66.3,160.5,917,8.8
female,26,47.4,151.3,918,7.6
male,38,74.6,170.9,919,5.3
male,33,84.6,171.5,920,6.5
male,40,92.1,183.2,921,7.0
male,23,85.8,186.0,922,7.8
female,30,52.0,152.6,923,5.9
male,51,78.0,170.0,924,4.8
male,28,90.3,184.0,925,7.9
female,16,58.5,163.0,926,7.4
female,32,75.0,166.4,927,5.7
male,34,91.0,174.0,928,8.1
female,37,71.2,167.8,929,7.0
male,26,73.5,177.7,930,6.1
female,37,66.6,166.6,931,8.7
male,16,99.1,180.7,932,5.3
male,41,82.7,172.8,933,7.9
female,31,56.7,160.8,934,7.4
female,29,65.5,172.2,935,4.9
male,16,79.9,168.9,936,6.9
female,45,54.1,158.5,937,5.7
male,27,88.0,173.4,938,8.0
female,22,57.4,166.4,939,6.5
female,34,55.8,156.1,940,6.6
female,25,66.3,171.1,941,7.2
male,38,111.3,182.5,942,7.1
male,36,67.2,166.9,943,8.2
female,24,67.6,168.3,944,7.0
female,28,80.7,164.1,945,6.8
male,29,86.0,169.6,946,6.3
female,33,75.5,170.7,947,5.3
male,32,91.3,181.1,948,6.9
male,48,77.5,170.4,949,8.1
male,32,93.5,174.0,950,6.7
male,24,79.3,170.7,951,7.4
female,28,58.3,167.6,952,8.7
male,23,101.1,180.4,953,6.4
female,33,49.4,156.5,954,7.0
female,41,78.3,174.6,955,6.4
female,16,53.0,151.9,956,6.2
male,35,71.9,161.2,957,6.4
male,25,106.5,186.5,958,5.4
female,27,58.8,164.0,959,7.8
male,17,83.1,184.2,960,6.8
female,26,77.6,164.0,961,9.7
male,53,106.0,187.0,962,9.4
female,31,73.8,168.5,963,7.2
female,33,65.7,154.9,964,6.3
male,36,80.3,168.7,965,8.6
female,31,55.0,164.4,966,6.5
female,33,59.6,149.5,967,8.3
male,27,85.9,178.1,968,5.4
male,20,96.9,182.8,969,5.3
female,30,63.6,160.8,970,6.9
male,27,74.5,163.5,971,8.9
male,23,95.8,180.7,972,6.3
male,21,94.8,183.8,973,6.2
male,46,80.4,160.8,974,8.1
male,27,99.5,177.2,975,6.2
female,36,77.3,164.8,976,6.7
male,17,78.9,180.4,977,5.6
female,37,60.9,162.2,978,4.5
male,32,82.2,172.6,979,6.0
male,27,75.9,163.9,980,8.7
female,34,52.9,156.6,981,6.8
male,27,83.9,164.0,982,7.9
female,16,58.9,165.2,983,6.9
male,26,91.2,171.0,984,6.5
female,47,72.2,168.2,985,5.6
male,37,81.5,167.2,986,8.1
male,23,81.4,177.6,987,4.3
female,16,52.6,156.4,988,5.6
male,44,93.3,180.1,989,7.0
female,28,54.1,162.0,990,6.9
female,36,74.0,167.6,991,6.9
male,16,92.4,171.8,992,7.8
female,46,55.6,156.1,993,5.8
female,32,67.9,166.5,994,9.4
male,33,77.3,169.9,995,7.7
female,29,76.0,170.9,996,7.4
female,26,66.3,156.5,997,6.4
female,46,81.4,169.9,998,7.1
female,43,69.8,164.4,999,6.6
female,26,73.9,184.9,1000,6.6
male,16,89.3,179.3,1001,9.1
female,30,55.3,158.2,1002,9.0
male,28,85.3,166.8,1003,5.9
female,27,60.0,152.2,1004,6.3
male,26,73.7,169.4,1005,6.7
female,21,56.2,153.9,1006,7.6
male,37,79.6,167.0,1007,5.3
female,30,72.6,166.1,1008,6.5
female,25,72.5,162.5,1009,5.4
female,37,69.6,159.7,1010,5.1
male,28,101.2,191.7,1011,6.5
male,27,96.7,175.6,1012,5.7
female,34,55.6,166.4,1013,5.8
female,22,74.9,160.1,1014,4.9
female,17,72.7,164.1,1015,5.5
female,35,54.5,159.1,1016,7.3
male,29,92.6,176.0,1017,6.1
female,23,48.8,153.1,1018,4.8
male,22,90.1,175.0,1019,6.2
female,43,80.0,167.4,1020,7.4
female,29,66.3,158.6,1021,7.3
male,44,91.7,184.4,1022,6.3
male,31,85.4,167.6,1023,5.4
female,29,61.4,162.0,1024,8.2
male,28,69.0,181.2,1025,6.4
male,16,98.7,174.9,1026,8.3
female,28,51.9,158.1,1027,8.0
female,20,69.8,156.9,1028,7.7
male,20,58.0,161.4,1029,7.6
male,36,82.5,181.2,1030,6.2
female,19,69.2,154.2,1031,6.6
male,25,92.6,170.2,1032,6.4
male,25,82.9,176.3,1033,5.7
female,16,52.4,160.2,1034,7.3
female,41,56.9,152.5,1035,7.7
female,29,53.9,157.6,1036,8.1
male,36,93.0,179.8,1037,9.5
male,32,85.2,162.6,1038,5.5
male,36,80.6,178.2,1039,7.1
male,32,72.1,154.3,1040,5.6
male,30,85.4,180.8,1041,5.9
male,26,102.2,177.0,1042,6.1
female,30,55.3,156.9,1043,6.1
female,40,48.9,151.1,1044,7.6
male,22,77.9,174.2,1045,8.3
female,45,55.9,157.3,1046,7.6
male,40,91.3,185.6,1047,9.9
female,28,69.8,157.6,1048,6.2
female,47,73.3,172.3,1049,6.5
female,27,67.2,165.4,1050,7.3
female,23,66.5,165.0,1051,6.9
male,31,94.1,183.9,1052,6.9
male,22,108.2,185.0,1053,6.1
male,28,78.9,173.8,1054,8.6
female,34,54.2,162.9,1055,8.1
female,55,76.2,161.7,1056,6.4
male,38,98.8,177.4,1057,7.3
male,34,77.8,173.3,1058,7.3
female,36,79.0,179.3,1059,8.9
male,40,68.3,159.1,1060,6.5
female,40,61.2,169.2,1061,8.7
male,41,79.8,163.8,1062,8.8
male,20,71.6,169.4,1063,7.8
female,16,49.4,157.1,1064,8.4
male,35,93.7,180.6,1065,7.4
female,36,55.6,145.9,1066,7.7
female,26,57.9,162.5,1067,4.9
female,36,56.9,155.4,1068,6.6
male,34,62.9,159.1,1069,6.5
female,42,51.6,152.1,1070,6.9
female,49,59.2,154.3,1071,7.3
male,43,84.3,174.4,1072,5.8
male,28,84.4,184.1,1073,8.3
male,37,86.8,175.0,1074,5.7
female,30,57.4,153.7,1075,6.2
male,31,100.6,185.0,1076,9.7
male,35,84.6,165.5,1077,6.9
male,34,99.5,179.6,1078,6.4
male,24,79.8,174.7,1079,8.5
male,53,71.5,171.6,1080,7.2
male,24,100.2,185.8,1081,6.1
male,35,78.2,169.0,1082,7.8
male,42,85.2,173.8,1083,8.9
female,16,67.6,156.8,1084,5.6
female,46,69.8,160.8,1085,7.2
female,39,68.3,154.8,1086,6.9
female,16,79.3,171.0,1087,5.5
male,26,85.8,178.0,1088,6.6
male,36,94.8,181.1,1089,7.7
male,31,99.8,181.9,1090,8.1
female,32,72.8,163.5,1091,6.0
female,42,61.2,157.2,1092,7.9
female,31,64.0,157.2,1093,8.0
male,30,77.1,177.5,1094,7.1
male,21,85.8,177.1,1095,6.6
male,45,82.2,170.0,1096,5.1
male,27,73.3,174.7,1097,8.0
male,36,101.2,182.0,1098,3.8
female,27,51.5,152.7,1099,7.2
male,34,98.4,176.8,1100,7.3
male,35,74.3,167.8,1101,6.9
male,49,85.7,186.4,1102,9.3
male,24,97.7,180.1,1103,5.6
male,40,67.3,162.7,1104,7.3
female,30,69.8,157.3,1105,5.6
male,51,70.9,172.9,1106,6.5
female,37,63.9,169.0,1107,6.7
female,40,67.6,153.3,1108,6.8
female,23,44.4,156.3,1109,7.7
male,33,65.9,171.3,1110,4.7
male,31,82.1,180.5,1111,7.1
male,27,69.4,164.6,1112,5.8
male,25,88.6,173.9,1113,5.3
female,40,78.1,165.0,1114,7.3
male,22,88.0,171.1,1115,7.5
male,32,85.9,172.0,1116,8.5
male,20,81.9,176.1,1117,8.2
female,32,49.3,168.4,1118,7.1
female,28,70.0,166.0,1119,9.7
female,31,64.0,158.9,1120,7.1
male,26,87.5,178.6,1121,6.8
male,37,81.9,163.5,1122,8.2
male,39,73.2,167.8,1123,7.5
female,26,52.1,158.5,1124,5.1
female,18,74.9,160.4,1125,5.7
male,23,85.6,177.3,1126,4.9
male,22,89.5,179.2,1127,6.9
female,48,71.4,172.4,1128,6.1
male,31,94.1,171.5,1129,6.6
male,41,81.4,174.8,1130,6.3
male,16,80.3,170.2,1131,7.1
male,44,83.7,169.3,1132,8.5
female,36,49.0,161.2,1133,4.7
male,37,85.5,182.7,1134,7.5
female,30,60.6,164.9,1135,6.4
male,36,86.8,181.8,1136,7.9
male,16,87.5,173.5,1137,5.9
female,27,66.6,156.2,1138,7.3
female,43,71.6,169.7,1139,6.6
female,35,45.1,154.9,1140,5.4
female,34,71.2,163.9,1141,8.2
female,34,74.3,169.3,1142,6.0
female,44,61.3,162.3,1143,7.0
male,20,87.5,177.2,1144,5.5
female,17,61.9,157.6,1145,6.1
female,21,66.6,164.6,1146,8.0
female,45,55.2,154.5,1147,6.7
male,21,96.2,184.5,1148,6.7
female,50,62.7,149.4,1149,8.8
female,16,68.8,163.4,1150,7.5
male,32,102.2,179.2,1151,7.5
male,32,72.0,174.4,1152,6.3
female,33,69.6,159.4,1153,6.3
male,38,100.0,178.0,1154,6.0
male,36,71.4,176.1,1155,7.0
male,30,106.7,199.4,1156,5.7
male,25,72.5,167.6,1157,8.4
female,36,57.5,152.7,1158,7.6
male,34,82.2,176.6,1159,7.2
male,33,85.6,181.5,1160,7.2
male,37,77.9,185.9,1161,7.3
male,57,65.8,157.9,1162,6.6
male,28,86.6,176.0,1163,5.8
male,34,80.3,175.3,1164,5.7
female,31,64.0,155.5,1165,8.3
male,33,67.8,165.7,1166,8.4
male,38,80.4,166.6,1167,8.0
female,47,53.7,164.0,1168,7.2
female,43,79.4,166.3,1169,7.5
female,30,80.1,171.2,1170,8.0
female,46,60.1,157.4,1171,8.0
male,43,85.4,166.9,1172,7.4
female,34,60.4,160.8,1173,7.0
female,49,65.3,162.4,1174,5.8
male,44,94.7,183.9,1175,5.9
female,36,65.8,165.0,1176,7.4
female,57,61.5,156.8,1177,7.1
female,33,81.2,167.0,1178,5.7
male,16,83.3,162.6,1179,7.5
female,30,63.4,157.2,1180,7.1
male,23,107.6,197.2,1181,7.7
female,16,65.0,168.7,1182,6.7
male,33,86.8,180.7,1183,5.5
female,30,54.4,163.8,1184,7.8
female,39,75.5,162.7,1185,7.2
female,24,58.2,159.6,1186,9.0
male,20,86.6,178.7,1187,5.5
male,27,94.8,181.1,1188,8.1
female,23,72.5,171.9,1189,6.6
female,41,51.2,159.5,1190,4.6
male,40,89.7,180.7,1191,6.1
female,32,71.4,169.4,1192,7.5
female,48,53.3,153.8,1193,7.7
male,37,70.2,165.1,1194,6.2
male,32,93.2,178.4,1195,6.2
female,24,59.8,172.7,1196,5.2
male,28,77.5,173.7,1197,7.4
female,32,68.1,159.7,1198,5.0
female,19,58.1,161.0,1199,7.3
female,50,70.6,167.7,1200,5.5
male,39,110.0,196.5,1201,6.4
male,25,75.6,178.3,1202,6.9
male,26,100.5,191.4,1203,6.4
male,49,81.5,180.3,1204,7.6
female,36,58.6,164.6,1205,8.1
female,18,73.6,159.4,1206,7.4
female,28,54.9,152.5,1207,8.1
female,29,47.1,152.2,1208,8.9
female,33,49.3,153.9,1209,6.2
female,31,57.1,153.4,1210,9.1
male,34,84.0,177.2,1211,8.3
male,37,90.4,173.4,1212,5.6
male,31,85.1,179.3,1213,7.1
male,16,104.4,177.2,1214,5.5
female,32,74.4,168.7,1215,6.6
female,34,75.6,168.7,1216,7.4
female,29,73.3,168.0,1217,6.6
male,16,83.3,187.9,1218,6.5
female,36,45.0,154.2,1219,7.9
male,19,87.8,174.8,1220,9.1
male,27,87.7,169.0,1221,5.6
male,26,76.3,173.7,1222,6.9
female,41,61.0,155.1,1223,5.6
female,37,65.9,155.1,1224,5.9
male,20,103.9,190.1,1225,8.2
male,18,82.4,176.8,1226,5.8
male,27,63.1,164.3,1227,6.8
female,49,65.0,163.3,1228,9.8
male,16,90.9,171.4,1229,9.5
female,29,75.0,171.3,1230,8.3
male,27,81.9,177.7,1231,6.1
male,21,85.1,165.3,1232,4.0
male,26,81.3,175.1,1233,6.9
male,25,88.3,177.7,1234,9.2
male,28,88.4,167.8,1235,8.5
female,34,63.9,164.2,1236,5.9
male,35,86.6,187.0,1237,8.8
female,35,66.2,158.9,1238,6.8
male,16,91.5,182.9,1239,7.7
female,31,71.7,165.4,1240,9.2
female,35,57.1,155.4,1241,8.0
male,34,91.5,188.4,1242,7.5
male,43,81.4,170.7,1243,6.4
female,28,77.4,165.8,1244,9.3
male,31,87.6,173.5,1245,8.3
female,17,69.2,163.4,1246,4.4
male,52,84.6,166.9,1247,4.3
female,29,72.3,161.7,1248,5.6
male,48,62.5,153.8,1249,8.0
female,29,69.7,169.4,1250,6.5
male,40,100.7,183.4,1251,7.1
female,46,79.3,167.3,1252,9.7
female,46,65.1,159.1,1253,5.7
female,19,51.2,158.8,1254,7.3
female,31,57.9,151.9,1255,8.6
female,34,79.7,165.4,1256,6.4
male,30,82.2,162.4,1257,7.8
male,20,85.4,173.7,1258,5.4
male,31,83.6,167.8,1259,7.5
male,24,76.0,169.1,1260,7.0
female,26,52.6,142.3,1261,8.4
female,16,71.4,168.0,1262,4.8
male,47,87.6,178.3,1263,8.5
male,48,78.9,161.1,1264,6.6
male,29,88.3,168.9,1265,7.2
female,26,62.4,159.1,1266,8.3
female,41,56.3,160.4,1267,8.4
male,40,82.1,172.0,1268,6.7
male,26,83.3,177.8,1269,8.3
female,39,62.2,158.0,1270,6.7
female,30,80.6,164.5,1271,7.7
female,42,59.0,151.3,1272,8.7
male,27,96.4,186.0,1273,5.6
male,19,77.3,163.5,1274,8.0
female,32,76.7,163.3,1275,5.7
male,24,82.7,175.9,1276,7.7
male,26,73.4,171.6,1277,6.9
male,24,87.9,181.0,1278,6.9
male,26,78.7,167.2,1279,7.4
male,33,105.1,183.5,1280,7.9
male,27,87.3,177.5,1281,5.1
female,25,77.5,167.6,1282,6.1
male,35,82.7,162.7,1283,5.8
female,17,54.9,160.5,1284,10.0
male,34,62.9,169.1,1285,7.2
female,40,64.3,164.8,1286,7.8
male,46,88.5,184.3,1287,5.0
male,19,84.9,170.5,1288,7.0
female,17,63.3,156.0,1289,6.1
male,27,80.5,178.3,1290,6.9
female,20,70.7,164.1,1291,7.3
female,27,67.9,166.0,1292,7.0
female,41,67.9,160.8,1293,8.2
female,34,77.5,167.8,1294,5.9
male,26,95.3,186.6,1295,7.0
male,32,82.8,172.4,1296,6.4
female,34,71.7,166.1,1297,5.8
male,39,99.0,188.6,1298,7.9
female,44,67.6,160.6,1299,4.6
female,26,52.5,153.3,1300,7.9
male,33,81.6,172.1,1301,7.6
male,24,97.3,183.9,1302,5.4
female,28,61.7,170.7,1303,6.2
female,28,64.0,164.8,1304,7.8
female,16,78.5,166.4,1305,9.8
female,20,69.1,162.5,1306,6.5
female,32,63.2,157.2,1307,6.0
male,48,96.2,184.1,1308,4.6
female,20,76.9,168.7,1309,8.3
male,28,85.4,173.7,1310,6.0
female,42,78.3,163.4,1311,5.4
male,43,76.6,173.5,1312,6.4
male,45,74.3,170.4,1313,5.8
female,43,72.1,168.5,1314,6.7
female,24,61.0,159.4,1315,6.5
male,23,92.9,176.1,1316,3.8
male,31,77.5,170.9,1317,7.5
female,25,67.2,163.9,1318,5.4
female,48,72.7,167.6,1319,7.8
female,26,66.0,161.7,1320,8.7
male,32,83.7,172.7,1321,8.7
female,25,62.1,161.9,1322,6.6
male,37,90.8,177.2,1323,6.5
female,23,55.9,166.1,1324,8.5
female,26,53.8,157.5,1325,4.9
male,17,83.8,168.2,1326,7.3
female,30,65.9,166.9,1327,7.0
male,37,62.4,163.2,1328,6.0
female,41,65.6,161.4,1329,5.2
female,30,55.0,153.1,1330,8.4
female,40,68.8,160.5,1331,8.0
male,44,97.1,174.3,1332,6.1
male,44,74.6,166.2,1333,6.3
female,28,70.6,171.1,1334,8.1
female,31,72.3,166.7,1335,5.3
female,23,71.0,167.1,1336,8.3
male,16,82.6,172.7,1337,7.1
male,37,83.3,166.8,1338,6.7
male,16,81.9,171.0,1339,8.1
male,33,81.4,183.1,1340,5.4
male,49,97.0,178.6,1341,5.7
male,47,88.3,168.9,1342,6.9
female,28,62.9,153.6,1343,7.3
male,23,103.6,187.9,1344,8.9
male,29,80.1,169.0,1345,6.4
male,16,87.3,183.8,1346,6.6
female,22,65.9,166.3,1347,7.6
female,59,69.2,159.7,1348,6.9
male,52,93.8,177.2,1349,8.6
female,45,66.0,157.6,1350,7.4
male,35,56.7,162.1,1351,7.3
male,16,82.9,179.6,1352,7.0
female,42,79.9,173.0,1353,6.0
male,16,77.1,171.6,1354,6.1
male,18,86.2,181.3,1355,6.9
male,27,88.9,165.7,1356,5.9
female,16,69.5,159.8,1357,4.9
male,33,77.6,168.0,1358,8.4
male,23,89.6,176.5,1359,7.7
male,17,95.7,180.4,1360,4.7
female,41,53.2,155.1,1361,6.5
male,34,81.1,185.1,1362,8.5
female,39,53.9,164.5,1363,9.1
male,17,91.5,170.7,1364,5.9
female,32,68.5,172.6,1365,8.2
female,29,65.1,164.1,1366,6.4
male,20,96.5,177.7,1367,7.9
female,37,60.5,151.7,1368,8.1
male,34,93.4,167.8,1369,7.1
female,36,69.0,158.0,1370,7.5
female,54,53.6,160.2,1371,8.1
female,31,74.9,165.5,1372,6.5
male,24,89.9,170.3,1373,8.9
male,44,100.8,181.4,1374,6.7
male,41,71.2,171.4,1375,9.9
male,44,80.6,172.4,1376,8.1
female,26,64.6,163.5,1377,7.0
female,31,64.3,164.2,1378,6.3
male,17,84.6,172.7,1379,9.4
female,41,63.3,161.7,1380,5.3
female,36,75.5,166.1,1381,7.2
male,37,93.6,171.1,1382,6.9
male,32,79.8,168.1,1383,7.3
male,36,66.7,160.6,1384,7.7
male,39,107.6,185.8,1385,7.0
female,23,71.1,164.3,1386,7.9
male,25,71.5,167.9,1387,7.0
male,28,81.2,176.1,1388,7.0
female,19,57.6,154.6,1389,6.1
male,32,59.0,166.0,1390,8.0
male,31,88.6,176.2,1391,6.6
female,47,64.3,167.3,1392,5.8
female,31,58.6,162.1,1393,7.1
male,26,86.7,177.7,1394,4.3
female,30,43.7,151.3,1395,8.7
female,49,66.0,172.3,1396,5.0
female,25,73.8,174.3,1397,6.2
female,39,64.0,166.6,1398,8.8
female,25,55.4,157.6,1399,6.1
male,25,95.6,177.9,1400,6.1
male,24,92.9,181.9,1401,5.7
female,20,63.6,164.3,1402,6.4
female,56,65.5,152.8,1403,8.0
male,44,101.3,186.5,1404,6.3
male,19,84.1,161.5,1405,5.6
female,27,70.5,164.6,1406,8.1
female,28,56.6,160.1,1407,9.1
male,30,86.4,182.1,1408,7.5
female,20,76.1,172.4,1409,7.4
male,29,82.7,167.2,1410,7.9
male,31,80.1,175.8,1411,8.6
male,37,101.3,184.7,1412,6.7
female,36,41.6,155.1,1413,5.7
male,34,85.0,176.3,1414,7.0
male,39,83.6,169.7,1415,9.0
male,24,94.1,187.3,1416,8.5
female,27,61.9,165.5,1417,7.7
female,42,72.0,161.0,1418,7.0
female,39,63.8,160.7,1419,5.8
female,32,55.5,157.0,1420,8.0
male,31,62.2,166.0,1421,6.6
male,36,72.6,154.8,1422,5.0
female,31,65.4,162.0,1423,8.3
female,37,66.2,155.6,1424,9.3
female,27,71.1,159.3,1425,7.2
female,16,59.7,152.3,1426,8.4
male,29,85.4,178.6,1427,9.0
female,26,51.9,152.7,1428,6.0
female,16,66.8,152.7,1429,7.9
female,32,69.5,169.3,1430,5.3
male,32,86.5,171.0,1431,8.5
male,19,80.7,172.9,1432,7.0
male,16,82.8,173.3,1433,7.1
female,34,64.8,166.4,1434,8.0
female,26,68.5,158.6,1435,4.6
female,29,47.4,154.5,1436,6.4
female,36,57.1,164.0,1437,8.0
male,30,83.2,160.0,1438,5.8
male,44,79.9,176.4,1439,6.7
female,28,67.6,165.3,1440,6.4
female,16,71.5,160.6,1441,6.6
male,21,73.4,169.4,1442,5.4
female,30,52.7,163.2,1443,7.4
male,30,86.6,175.2,1444,9.7
female,43,66.9,162.0,1445,7.0
female,19,64.5,166.6,1446,7.3
male,26,101.5,193.3,1447,5.4
female,28,62.5,164.7,1448,5.1
male,37,77.7,180.4,1449,6.7
female,49,64.4,161.9,1450,8.1
male,28,92.1,178.7,1451,7.4
female,51,65.0,161.5,1452,7.9
male,34,85.0,179.8,1453,7.6
male,32,80.9,183.5,1454,6.5
male,32,98.4,179.4,1455,8.2
female,29,71.8,159.5,1456,8.4
male,25,96.2,172.8,1457,5.4
male,39,82.1,176.1,1458,8.1
male,34,72.7,163.8,1459,7.1
female,43,58.0,150.5,1460,6.1
female,34,67.4,160.3,1461,9.3
male,28,77.9,175.8,1462,3.2
female,39,60.3,164.9,1463,8.4
female,52,64.7,162.6,1464,7.1
male,32,98.4,175.1,1465,4.8
female,35,44.1,159.3,1466,7.0
female,34,70.0,166.4,1467,7.9
male,57,99.4,178.9,1468,6.1
female,43,53.9,159.1,1469,6.2
female,19,69.6,170.4,1470,6.0
female,34,74.5,166.2,1471,5.6
female,24,68.8,154.9,1472,6.3
male,22,90.3,173.4,1473,9.2
male,36,105.8,180.7,1474,6.5
female,31,49.0,157.4,1475,7.2
male,35,73.7,172.2,1476,7.6
male,16,69.0,178.1,1477,7.3
female,45,55.4,150.8,1478,8.5
male,43,78.0,169.9,1479,8.2
female,41,81.5,165.0,1480,7.8
female,22,72.1,156.5,1481,7.5
male,27,85.4,172.6,1482,6.8
female,40,55.6,162.4,1483,8.6
male,48,67.0,167.5,1484,7.3
male,51,96.3,168.6,1485,5.6
male,33,80.3,171.5,1486,4.9
male,30,72.7,166.4,1487,8.2
female,39,77.1,170.0,1488,6.0
female,46,51.1,157.3,1489,8.9
male,46,76.5,169.1,1490,7.0
male,41,83.6,171.3,1491,6.6
female,50,79.8,163.0,1492,4.3
male,33,83.7,179.0,1493,3.9
male,25,81.9,173.8,1494,8.0
male,35,91.1,175.7,1495,8.2
female,44,79.9,160.8,1496,6.7
female,41,70.3,170.0,1497,8.0
female,16,75.4,163.1,1498,5.3
male,41,94.1,179.9,1499,6.6
male,33,100.1,183.3,1500,4.7
male,16,94.3,172.5,1501,9.7
female,32,82.6,172.9,1502,8.3
female,21,67.0,153.9,1503,7.4
male,41,85.7,165.8,1504,6.3
male,29,79.5,167.2,1505,6.5
female,30,59.4,157.3,1506,6.0
female,45,65.2,155.7,1507,7.5
female,32,66.5,166.9,1508,7.0
male,25,92.4,176.9,1509,7.3
male,25,95.2,176.1,1510,8.4
male,36,86.2,173.8,1511,5.6
male,38,73.2,167.5,1512,9.2
female,31,59.9,159.3,1513,7.6
female,29,60.7,165.8,1514,6.4
male,23,90.2,180.2,1515,6.3
female,24,64.8,159.6,1516,7.9
male,38,82.0,175.1,1517,6.3
female,36,50.5,145.0,1518,7.5
male,38,79.5,170.8,1519,7.8
female,16,65.7,172.1,1520,5.1
male,26,92.9,180.5,1521,8.1
female,39,56.4,159.3,1522,5.7
female,40,63.1,153.5,1523,6.9
female,35,76.0,171.2,1524,6.3
female,33,65.1,167.1,1525,8.1
female,36,60.6,161.8,1526,6.2
female,28,52.3,154.8,1527,6.4
male,16,85.0,175.1,1528,5.9
male,29,79.4,179.7,1529,6.4
female,16,57.7,151.4,1530,4.8
male,46,84.3,172.6,1531,6.3
male,37,91.4,174.3,1532,6.9
male,32,83.1,168.9,1533,6.0
female,33,56.5,156.6,1534,8.6
male,27,91.5,172.9,1535,7.4
male,16,96.4,181.9,1536,6.8
male,31,100.1,181.2,1537,6.5
male,36,90.9,179.3,1538,7.2
male,23,80.4,164.6,1539,7.7
male,40,92.6,183.6,1540,7.7
male,26,82.9,175.6,1541,7.0
female,40,65.3,162.9,1542,5.7
male,16,74.0,170.6,1543,6.0
male,16,110.9,186.7,1544,6.0
female,16,67.5,165.0,1545,6.7
male,47,94.6,185.4,1546,7.3
male,16,79.4,165.5,1547,9.1
female,32,76.8,168.0,1548,6.6
female,40,67.4,158.2,1549,7.1
female,33,51.4,152.6,1550,7.2
male,28,92.3,171.5,1551,4.3
male,25,83.7,181.3,1552,5.8
female,45,71.9,170.3,1553,5.5
female,26,67.3,159.0,1554,7.5
male,36,89.4,171.3,1555,8.0
male,42,104.9,180.7,1556,8.7
male,28,95.6,172.5,1557,8.0
female,28,57.0,157.9,1558,7.8
male,29,108.9,191.2,1559,6.1
female,37,59.9,165.3,1560,8.5
female,27,39.7,154.7,1561,7.3
male,20,89.7,178.0,1562,9.9
male,35,88.1,173.3,1563,7.8
female,25,69.2,160.1,1564,7.5
female,42,76.6,169.4,1565,5.9
female,48,78.6,171.4,1566,6.8
female,16,65.4,160.6,1567,4.8
female,16,51.3,153.2,1568,6.0
male,50,84.2,177.2,1569,7.7
female,32,87.2,173.5,1570,7.4
female,16,58.6,166.8,1571,7.9
female,31,66.3,159.2,1572,7.1
female,24,72.2,169.1,1573,7.4
male,30,83.9,177.5,1574,3.7
male,40,70.4,169.2,1575,7.5
male,31,88.2,176.9,1576,6.0
female,34,70.3,166.0,1577,8.0
female,22,66.5,164.4,1578,5.3
male,28,83.7,172.4,1579,7.0
female,16,60.4,148.5,1580,6.7
female,30,60.8,157.7,1581,8.2
male,41,76.4,169.2,1582,8.8
female,19,56.4,155.5,1583,5.4
female,22,73.6,162.1,1584,5.4
female,41,59.9,155.9,1585,7.3
female,24,57.1,168.1,1586,5.3
female,45,60.0,164.7,1587,7.8
male,32,65.0,171.5,1588,7.3
female,60,73.4,163.6,1589,5.9
male,46,113.5,195.3,1590,5.1
female,38,70.4,167.5,1591,5.3
female,19,52.1,149.8,1592,6.3
male,27,81.8,174.8,1593,7.0
male,16,93.2,172.5,1594,8.5
male,36,70.1,167.3,1595,6.3
male,25,68.0,166.9,1596,5.5
male,30,80.4,166.1,1597,6.9
female,53,67.8,155.5,1598,8.5
female,41,70.8,170.5,1599,6.4
male,35,91.4,181.1,1600,8.2
male,44,76.3,169.4,1601,6.3
male,33,81.0,176.8,1602,7.1
female,37,67.9,163.2,1603,5.4
male,36,94.8,185.8,1604,5.1
female,16,71.2,163.1,1605,9.0
male,30,74.9,172.3,1606,5.8
female,37,76.9,168.4,1607,8.0
male,40,96.3,178.2,1608,6.5
female,23,62.2,152.3,1609,7.7
female,42,75.0,164.9,1610,7.8
male,38,78.4,171.4,1611,7.4
female,26,75.6,167.1,1612,5.4
male,30,92.8,169.5,1613,7.9
female,50,67.6,158.9,1614,7.4
male,36,91.1,179.3,1615,5.4
male,32,76.3,165.5,1616,4.9
male,30,95.2,170.2,1617,6.4
female,16,48.4,155.0,1618,8.9
female,42,73.4,165.4,1619,6.9
male,46,94.7,194.9,1620,7.3
male,16,72.1,166.7,1621,6.8
male,16,85.0,167.4,1622,8.2
female,32,70.7,159.4,1623,7.7
female,31,57.1,152.0,1624,6.0
female,23,58.5,165.7,1625,8.2
female,28,62.4,159.3,1626,6.4
male,17,75.9,174.0,1627,9.1
female,27,54.8,157.8,1628,8.9
male,26,99.0,185.5,1629,8.8
female,30,78.3,172.0,1630,6.8
male,34,87.8,183.9,1631,8.3
female,20,70.5,161.2,1632,6.5
male,30,75.3,177.5,1633,5.6
male,33,86.9,175.7,1634,8.3
male,34,73.1,165.0,1635,8.7
male,29,79.8,167.8,1636,6.9
female,48,58.6,164.6,1637,6.3
female,26,54.2,160.0,1638,6.7
female,29,44.5,157.8,1639,6.6
female,40,74.0,157.7,1640,7.3
male,26,93.6,177.4,1641,7.2
male,26,68.9,167.5,1642,7.2
male,34,70.7,170.7,1643,7.1
male,32,70.4,161.4,1644,4.2
male,36,75.0,172.3,1645,10.0
male,31,98.7,183.8,1646,8.4
male,20,88.4,174.5,1647,8.9
female,20,60.5,162.4,1648,5.5
male,38,107.1,183.0,1649,7.6
female,42,61.5,171.9,1650,8.4
female,39,63.1,159.9,1651,7.6
female,26,73.1,164.0,1652,4.9
male,28,85.1,175.7,1653,7.7
female,30,54.4,164.1,1654,5.6
female,20,84.0,173.2,1655,7.3
male,44,81.8,165.4,1656,5.5
female,42,46.0,158.4,1657,6.2
male,16,98.6,179.6,1658,7.2
male,33,75.4,164.6,1659,5.1
female,22,72.1,165.8,1660,6.3
female,36,78.7,166.4,1661,7.0
female,22,76.1,166.8,1662,7.6
male,32,70.7,164.1,1663,5.9
male,28,91.8,182.5,1664,5.9
female,23,56.7,154.9,1665,6.9
male,55,90.1,177.9,1666,9.0
female,16,62.3,163.5,1667,7.7
female,40,71.5,167.6,1668,6.4
male,39,64.2,165.3,1669,7.0
male,29,71.4,170.6,1670,9.6
female,16,78.3,168.0,1671,7.2
male,50,89.4,169.9,1672,7.5
female,37,62.8,158.8,1673,5.5
female,44,75.3,167.0,1674,7.8
female,25,72.4,156.0,1675,5.4
male,28,77.1,175.3,1676,6.4
male,42,87.2,174.8,1677,6.4
female,24,53.5,163.3,1678,6.8
male,35,91.3,183.0,1679,6.3
female,44,57.8,156.0,1680,7.1
male,58,84.0,181.2,1681,4.8
male,19,97.4,181.7,1682,5.7
female,16,77.3,175.3,1683,6.4
female,27,49.9,151.7,1684,9.4
male,19,93.1,176.1,1685,8.2
male,58,72.6,168.4,1686,3.7
female,36,81.6,165.0,1687,5.3
female,43,59.9,166.8,1688,7.5
male,30,98.1,181.7,1689,6.6
male,35,84.9,180.5,1690,8.0
male,32,82.6,172.8,1691,8.5
male,36,74.2,169.2,1692,7.4
male,40,62.0,169.5,1693,6.5
female,49,52.7,161.4,1694,7.0
female,18,72.4,161.7,1695,6.5
female,18,59.0,160.2,1696,7.1
male,29,81.2,168.5,1697,5.8
female,36,68.9,167.9,1698,7.4
female,16,67.0,168.7,1699,6.2
female,53,61.4,166.6,1700,7.7
female,46,49.1,157.3,1701,6.0
female,36,72.7,163.0,1702,6.5
female,39,74.1,163.4,1703,7.8
male,31,85.0,171.4,1704,6.0
female,27,66.9,164.7,1705,7.3
male,22,92.5,180.5,1706,8.5
male,24,103.6,182.5,1707,5.1
male,27,87.8,183.2,1708,5.8
female,36,68.1,161.6,1709,7.7
female,25,69.1,157.5,1710,6.5
female,37,62.7,168.1,1711,8.2
male,23,83.8,175.0,1712,5.7
female,31,70.7,165.5,1713,7.0
female,27,59.4,153.3,1714,6.6
female,29,66.7,162.7,1715,8.4
male,53,103.4,180.9,1716,7.3
female,37,78.6,163.4,1717,6.2
male,54,86.6,170.7,1718,8.0
female,35,58.2,159.5,1719,5.2
male,45,101.9,175.2,1720,7.4
male,41,84.6,172.3,1721,7.3
male,17,79.3,172.6,1722,5.2
female,16,42.8,150.1,1723,7.3
male,27,87.4,177.1,1724,4.3
male,29,85.5,186.4,1725,6.8
female,33,54.3,161.5,1726,6.3
male,30,95.6,183.3,1727,6.7
male,24,88.9,168.6,1728,9.2
male,37,86.1,178.2,1729,6.2
female,39,53.3,158.9,1730,6.2
male,57,83.2,175.8,1731,9.9
male,34,83.8,167.3,1732,5.4
male,22,92.7,183.7,1733,6.6
male,22,75.4,166.3,1734,6.9
male,35,92.9,163.3,1735,5.8
female,18,60.8,165.1,1736,5.8
female,16,54.8,159.2,1737,6.5
male,54,79.7,179.4,1738,7.8
male,46,86.3,173.6,1739,5.6
male,39,86.5,175.7,1740,7.6
female,27,65.0,160.3,1741,5.5
female,38,48.9,154.7,1742,6.1
female,40,74.4,172.1,1743,6.7
male,16,81.8,173.8,1744,6.2
female,40,69.3,169.7,1745,6.7
female,23,66.6,161.1,1746,6.3
male,25,87.8,181.8,1747,9.4
female,34,71.7,157.1,1748,7.2
female,37,73.2,166.4,1749,8.8
female,32,79.6,159.3,1750,6.9
male,34,83.4,172.2,1751,7.0
female,35,65.8,168.2,1752,7.5
female,27,73.1,162.3,1753,7.6
male,45,84.6,177.7,1754,8.3
male,16,77.4,167.6,1755,8.4
male,36,92.9,181.6,1756,7.4
male,27,79.6,169.9,1757,7.7
female,19,76.9,161.3,1758,8.8
male,26,85.9,180.3,1759,6.1
female,32,55.4,159.7,1760,6.8
male,26,80.2,170.5,1761,8.1
female,39,73.4,163.7,1762,4.7
male,29,93.1,180.1,1763,5.7
female,37,61.2,166.7,1764,6.6
male,37,87.6,177.1,1765,6.3
male,54,106.7,193.8,1766,7.6
male,28,75.1,184.6,1767,7.3
female,44,68.9,160.6,1768,8.4
female,52,71.4,157.9,1769,6.5
male,44,78.2,160.4,1770,9.3
female,38,55.0,163.3,1771,6.9
male,35,71.4,163.7,1772,6.2
male,22,100.4,176.8,1773,5.8
male,27,75.6,169.2,1774,8.1
female,36,77.5,160.4,1775,6.6
female,24,47.8,156.7,1776,6.4
male,29,85.8,172.0,1777,6.7
female,38,59.8,166.1,1778,8.4
male,23,79.7,170.5,1779,9.7
female,43,74.6,169.6,1780,5.9
female,16,69.5,160.8,1781,5.8
female,39,65.7,158.0,1782,5.4
female,36,63.5,165.4,1783,7.2
male,25,90.0,176.3,1784,7.5
male,22,82.4,169.6,1785,7.1
male,31,87.2,178.3,1786,6.0
male,32,91.7,171.6,1787,6.4
female,41,67.8,156.4,1788,7.2
male,34,90.4,168.7,1789,7.4
female,31,74.4,161.8,1790,5.5
male,32,95.6,182.3,1791,7.2
female,32,57.1,156.2,1792,5.8
male,43,98.4,179.6,1793,8.6
male,20,74.9,174.5,1794,7.0
female,37,71.8,169.2,1795,6.4
female,36,61.1,169.0,1796,7.2
female,37,64.5,161.6,1797,7.0
female,32,75.2,173.5,1798,5.1
female,21,79.7,167.8,1799,6.5
male,52,89.6,178.5,1800,7.7
male,29,96.0,182.5,1801,6.5
male,16,75.5,166.9,1802,10.0
female,34,57.7,150.2,1803,6.8
female,18,54.7,163.1,1804,6.0
male,25,97.3,187.6,1805,5.7
female,30,53.5,154.8,1806,8.8
female,19,75.5,160.8,1807,4.4
female,16,59.7,166.0,1808,5.9
female,30,75.9,172.2,1809,7.6
male,45,96.8,184.5,1810,8.5
male,23,96.8,175.4,1811,5.8
female,34,64.6,165.8,1812,5.2
male,43,86.5,179.8,1813,7.6
male,30,67.8,179.7,1814,5.6
female,38,70.1,163.6,1815,6.6
female,38,51.9,151.8,1816,6.5
female,27,60.8,169.2,1817,8.8
female,27,69.0,167.0,1818,7.1
female,31,61.0,167.3,1819,7.0
male,23,74.9,174.3,1820,8.6
male,32,73.0,172.8,1821,6.5
female,21,67.1,166.9,1822,7.6
female,25,65.2,162.7,1823,9.0
female,16,55.1,153.3,1824,7.5
female,36,61.9,160.4,1825,6.4
male,46,104.6,184.1,1826,7.0
male,27,69.0,177.3,1827,5.0
male,26,92.2,180.9,1828,4.6
female,46,72.6,161.9,1829,6.7
female,36,66.1,157.7,1830,4.3
male,29,101.8,184.2,1831,5.5
female,31,61.9,164.6,1832,6.8
female,34,75.6,161.7,1833,5.8
female,46,58.7,156.1,1834,8.1
female,31,60.7,165.8,1835,6.6
male,50,76.6,172.2,1836,5.7
male,44,74.5,174.2,1837,6.4
female,17,57.6,159.3,1838,6.8
female,44,73.1,162.3,1839,6.6
male,29,105.7,182.0,1840,6.4
female,41,57.6,156.8,1841,5.6
male,19,91.3,178.2,1842,6.3
female,40,59.5,150.2,1843,7.0
female,35,49.4,157.5,1844,6.4
female,57,72.8,169.0,1845,5.6
female,22,73.0,166.1,1846,8.3
female,33,69.7,165.4,1847,6.4
male,27,86.2,167.8,1848,6.2
female,31,59.8,156.2,1849,7.7
male,29,92.8,172.2,1850,7.6
male,23,97.6,178.5,1851,7.6
female,17,67.4,168.1,1852,6.1
male,26,94.6,175.5,1853,4.9
female,25,65.5,164.6,1854,8.0
female,18,53.6,157.7,1855,5.8
male,39,98.1,180.1,1856,7.5
female,40,66.3,168.7,1857,9.6
male,22,84.7,176.6,1858,8.1
female,28,66.5,157.6,1859,7.8
female,24,56.6,157.0,1860,8.1
male,31,74.6,171.1,1861,6.9
female,42,55.5,160.4,1862,7.8
male,33,85.9,165.1,1863,7.6
female,16,60.3,166.6,1864,5.6
female,24,76.4,167.2,1865,5.5
male,42,94.0,171.3,1866,6.6
female,27,50.6,157.5,1867,4.8
female,16,61.9,168.3,1868,6.2
female,31,40.1,154.1,1869,7.7
male,31,86.8,186.0,1870,7.2
male,40,80.6,173.5,1871,4.4
male,35,75.4,173.7,1872,6.8
male,25,63.2,168.7,1873,7.4
female,21,63.9,156.6,1874,8.2
female,25,63.9,160.7,1875,7.4
female,20,66.7,164.7,1876,6.6
female,24,75.8,170.9,1877,6.9
male,34,75.6,177.8,1878,5.9
male,34,80.5,170.5,1879,7.8
male,34,109.6,185.1,1880,6.2
female,26,69.0,165.6,1881,6.9
male,33,66.5,162.5,1882,5.3
male,26,78.7,180.2,1883,9.3
male,27,88.3,171.6,1884,6.5
female,27,67.9,163.9,1885,7.4
female,35,67.3,155.9,1886,6.4
male,45,100.2,176.8,1887,8.4
female,30,65.7,163.3,1888,5.4
male,32,91.4,186.2,1889,7.8
male,47,88.8,173.8,1890,7.6
male,31,61.3,167.1,1891,5.8
male,30,100.5,178.1,1892,6.8
male,23,79.9,175.1,1893,6.5
male,36,82.1,174.8,1894,8.3
male,16,81.6,170.1,1895,6.0
male,36,67.8,164.8,1896,7.7
male,17,96.3,175.3,1897,8.7
male,25,83.1,181.0,1898,6.6
male,27,88.1,168.7,1899,6.2
female,28,80.4,157.7,1900,5.6
female,49,57.0,166.6,1901,4.6
female,32,75.9,173.5,1902,7.1
female,35,51.6,161.1,1903,7.5
male,39,94.6,187.8,1904,9.3
male,36,108.0,184.8,1905,7.2
male,34,88.2,176.7,1906,7.1
female,24,67.3,163.6,1907,7.7
male,24,67.8,172.3,1908,5.8
female,26,69.5,163.1,1909,5.9
male,29,77.8,168.1,1910,7.0
female,30,59.5,162.8,1911,7.0
female,39,53.3,158.2,1912,4.9
female,36,65.4,162.8,1913,8.2
male,26,83.3,172.2,1914,8.0
male,28,78.0,177.6,1915,7.2
female,46,63.2,161.1,1916,7.8
female,31,64.0,160.7,1917,7.2
male,32,90.8,179.7,1918,4.4
female,43,65.4,166.9,1919,5.2
female,46,64.6,155.9,1920,6.5
male,40,87.9,168.5,1921,6.0
female,44,63.4,159.4,1922,6.0
female,24,55.8,156.3,1923,6.7
female,27,73.5,173.8,1924,4.7
female,35,64.1,158.9,1925,7.3
male,40,80.0,183.0,1926,6.6
male,26,107.3,187.1,1927,6.6
female,48,82.5,178.9,1928,7.2
female,34,47.9,154.5,1929,7.6
male,42,89.8,180.0,1930,5.0
female,27,67.7,160.3,1931,7.5
female,35,61.3,155.2,1932,4.7
male,43,82.4,172.6,1933,7.0
male,33,85.0,174.7,1934,6.6
male,42,84.4,185.4,1935,7.6
male,33,93.3,177.0,1936,9.1
female,16,64.4,167.0,1937,6.1
female,33,78.3,167.0,1938,7.9
male,33,95.1,180.7,1939,8.6
male,37,100.2,180.0,1940,7.0
female,22,58.9,159.2,1941,8.7
female,40,75.8,163.2,1942,8.3
female,36,67.1,159.1,1943,8.7
male,22,83.2,164.2,1944,8.7
female,42,72.7,161.1,1945,7.3
female,34,73.5,162.9,1946,6.5
female,46,78.0,161.6,1947,9.2
female,29,64.0,156.8,1948,7.9
male,42,78.7,166.3,1949,4.8
female,29,72.0,160.3,1950,6.8
female,16,54.7,154.4,1951,7.0
male,20,88.6,173.0,1952,4.1
male,29,82.5,176.9,1953,9.6
female,25,64.9,160.6,1954,7.1
male,31,101.0,184.3,1955,5.9
female,40,49.1,153.6,1956,7.9
female,25,65.1,156.2,1957,5.7
female,57,75.4,168.1,1958,9.1
female,30,78.3,168.0,1959,8.6
male,35,87.9,179.2,1960,6.1
male,53,69.8,164.4,1961,8.8
male,47,94.2,170.5,1962,6.3
female,28,73.6,164.3,1963,7.4
male,29,84.4,161.3,1964,7.3
female,40,61.5,165.7,1965,10.0
male,32,99.4,187.3,1966,5.9
male,47,74.4,175.2,1967,5.3
male,31,78.1,164.1,1968,7.0
female,32,65.0,165.9,1969,7.9
female,18,79.0,165.6,1970,9.9
female,27,65.4,156.5,1971,9.7
male,24,71.1,157.8,1972,8.3
male,36,81.8,169.6,1973,8.3
male,20,83.2,171.1,1974,7.8
male,16,88.3,175.8,1975,5.8
male,23,95.4,179.8,1976,7.9
male,27,81.8,180.4,1977,5.4
male,26,86.6,180.6,1978,5.2
female,41,61.5,166.7,1979,8.6
male,28,75.0,178.7,1980,4.5
female,43,62.8,158.9,1981,6.8
male,19,101.6,184.9,1982,8.3
female,35,64.6,163.7,1983,8.5
male,43,85.6,172.6,1984,6.1
male,43,87.0,178.7,1985,6.0
female,26,46.6,159.4,1986,6.3
male,31,78.2,179.4,1987,8.0
female,33,56.6,150.1,1988,7.1
female,26,59.9,167.7,1989,7.9
male,16,86.4,180.7,1990,7.6
female,30,63.0,157.4,1991,6.9
female,25,64.6,168.3,1992,8.2
male,16,99.3,187.5,1993,5.7
male,33,82.5,168.8,1994,7.6
female,18,73.2,165.3,1995,6.5
male,30,86.9,183.0,1996,6.3
male,33,91.5,178.9,1997,6.5
male,41,91.0,182.7,1998,6.8
male,43,77.2,172.5,1999,6.2
female,43,68.2,163.4,2000,3.1
male,38,92.5,186.9,2001,5.1
female,31,87.1,163.8,2002,8.7
female,36,73.8,169.7,2003,5.3
female,28,55.8,162.2,2004,3.6
male,31,69.3,172.6,2005,7.7
male,39,79.8,169.0,2006,6.5
female,31,66.0,166.0,2007,5.3
female,21,65.8,166.9,2008,5.1
female,32,69.4,165.6,2009,5.8
female,41,67.2,160.3,2010,6.4
male,26,88.2,177.8,2011,4.8
female,19,74.3,162.1,2012,5.4
female,23,63.1,157.1,2013,8.1
female,26,68.3,160.6,2014,7.9
male,24,83.9,172.9,2015,3.8
male,27,79.8,168.9,2016,5.9
male,39,100.2,177.0,2017,5.5
male,35,103.2,191.6,2018,4.7
female,34,43.0,152.9,2019,4.6
female,40,65.9,159.7,2020,4.0
male,44,81.9,170.8,2021,8.6
male,35,85.7,172.6,2022,8.0
female,20,50.6,160.1,2023,5.0
male,16,98.8,181.8,2024,8.2
female,31,51.2,151.6,2025,2.8
female,32,76.9,164.7,2026,6.4
male,25,114.5,184.9,2027,8.6
female,46,64.3,164.8,2028,6.0
female,32,65.8,173.4,2029,5.6
male,16,98.6,174.5,2030,5.9
male,33,83.5,183.8,2031,3.7
male,39,61.3,172.5,2032,6.0
male,27,72.8,175.0,2033,8.4
male,26,82.2,173.0,2034,6.0
male,49,78.6,168.7,2035,5.1
male,38,96.2,178.0,2036,6.7
male,16,91.6,171.4,2037,7.0
male,27,85.3,176.2,2038,6.7
male,35,77.8,177.9,2039,7.3
male,35,70.9,165.8,2040,5.6
male,29,88.0,170.3,2041,6.9
female,17,62.0,162.0,2042,8.0
male,27,84.4,175.5,2043,8.2
female,35,77.0,162.1,2044,5.0
male,42,92.0,187.8,2045,6.5
male,20,90.8,173.0,2046,6.5
male,18,81.3,176.2,2047,8.0
male,28,74.1,174.1,2048,4.3
female,25,61.1,162.9,2049,7.7
female,27,65.5,171.5,2050,8.7
male,33,90.1,183.9,2051,4.9
male,17,80.5,165.1,2052,4.7
female,30,50.6,156.7,2053,5.7
female,41,65.3,168.8,2054,6.4
male,35,85.9,181.6,2055,6.4
female,32,71.8,162.0,2056,8.6
female,49,62.8,155.5,2057,6.3
male,27,59.0,161.0,2058,4.0
male,23,65.8,171.8,2059,5.8
female,39,77.9,160.4,2060,7.3
female,19,67.1,157.4,2061,8.1
female,33,62.3,157.7,2062,4.3
male,46,75.6,171.2,2063,7.4
female,41,58.7,157.0,2064,4.0
female,32,53.6,152.4,2065,6.2
female,29,53.4,156.5,2066,6.2
male,16,92.4,183.4,2067,7.2
female,34,67.3,161.4,2068,6.2
male,20,93.1,175.3,2069,2.2
male,16,85.2,180.6,2070,5.7
female,43,71.9,166.3,2071,4.1
female,27,71.8,159.1,2072,6.7
female,34,74.7,159.6,2073,6.4
male,20,79.2,178.2,2074,3.6
male,16,99.2,180.2,2075,6.6
male,36,104.2,177.2,2076,9.9
female,42,71.5,161.4,2077,4.3
male,26,77.3,170.6,2078,7.9
male,28,76.9,164.5,2079,3.8
female,24,73.6,174.2,2080,7.1
female,57,65.9,159.3,2081,4.7
female,28,56.7,154.2,2082,6.8
male,29,102.4,183.2,2083,4.7
male,25,64.3,165.2,2084,4.8
female,28,58.0,151.6,2085,4.4
female,31,52.7,153.3,2086,7.4
female,28,68.9,168.2,2087,7.4
male,28,92.4,180.0,2088,3.8
female,47,58.0,164.2,2089,4.4
male,27,62.6,165.0,2090,6.9
male,38,55.9,153.0,2091,4.4
female,23,57.6,160.1,2092,7.0
female,59,70.7,160.3,2093,5.6
male,19,77.2,168.8,2094,6.9
female,20,67.8,166.5,2095,5.9
female,28,51.9,157.3,2096,8.2
male,38,76.1,163.8,2097,4.2
male,50,83.8,177.4,2098,7.2
female,27,65.5,167.4,2099,4.7
female,24,74.5,166.8,2100,3.7
female,26,54.8,162.1,2101,7.5
female,30,42.7,151.0,2102,3.4
male,34,87.2,172.7,2103,8.7
female,37,63.5,160.5,2104,4.8
male,16,81.8,175.2,2105,7.2
female,27,68.3,164.8,2106,5.3
female,19,66.3,167.5,2107,7.0
male,29,96.5,190.8,2108,6.7
male,44,85.0,176.4,2109,6.6
female,16,63.7,160.9,2110,4.3
female,16,69.9,160.5,2111,4.0
male,23,79.9,164.5,2112,7.0
male,32,87.4,175.1,2113,6.1
male,36,92.8,180.5,2114,6.6
female,44,56.9,156.7,2115,4.4
male,39,90.8,177.1,2116,4.2
male,29,77.0,175.4,2117,5.8
male,29,79.7,175.6,2118,7.8
female,26,60.7,164.1,2119,5.8
male,24,93.7,182.8,2120,5.8
female,26,74.7,171.4,2121,3.7
female,43,70.5,163.4,2122,3.7
female,26,62.7,168.0,2123,9.1
male,16,97.2,184.8,2124,8.5
female,42,76.9,173.6,2125,7.4
female,27,66.7,170.6,2126,6.9
female,40,90.5,176.8,2127,6.6
female,30,59.7,163.4,2128,7.0
female,36,57.5,163.8,2129,6.0
female,28,63.0,151.4,2130,5.0
female,25,67.4,168.2,2131,4.1
female,29,59.3,171.2,2132,8.1
male,37,108.4,183.4,2133,4.4
female,22,56.0,158.4,2134,5.1
male,24,75.5,173.8,2135,5.5
female,24,78.7,167.4,2136,6.3
male,44,98.7,173.9,2137,5.3
female,26,60.8,156.9,2138,1.4
male,35,77.9,169.3,2139,4.3
female,37,64.0,156.0,2140,8.5
female,43,53.4,148.4,2141,6.6
female,27,67.6,164.4,2142,6.0
male,36,73.6,165.4,2143,8.8
male,16,87.3,179.6,2144,8.3
male,16,94.1,184.2,2145,4.6
male,39,104.7,180.4,2146,9.7
male,32,80.6,173.8,2147,4.8
female,45,73.2,151.9,2148,4.3
female,17,79.9,165.3,2149,8.1
female,34,67.5,163.6,2150,5.5
female,34,46.3,160.1,2151,6.8
male,36,86.2,171.5,2152,6.6
female,17,43.9,150.5,2153,7.8
male,28,89.9,172.3,2154,7.2
female,41,48.5,156.6,2155,3.8
male,37,101.9,187.7,2156,6.4
male,44,87.8,175.2,2157,7.9
male,29,65.7,169.1,2158,7.6
female,46,68.7,154.9,2159,6.9
female,35,67.1,162.7,2160,6.0
female,23,80.7,169.9,2161,5.0
male,18,84.3,181.4,2162,3.6
female,20,64.7,155.4,2163,8.6
female,28,59.3,152.9,2164,4.4
female,20,85.1,169.1,2165,2.4
female,33,66.0,166.3,2166,5.2
male,36,72.5,173.2,2167,5.6
male,46,100.7,184.6,2168,5.2
female,33,70.1,167.6,2169,5.0
male,32,88.2,176.7,2170,6.2
male,21,99.9,182.4,2171,6.8
male,46,83.4,180.7,2172,6.6
female,31,67.9,166.9,2173,5.6
male,38,91.1,171.4,2174,6.4
male,28,95.4,177.7,2175,5.4
female,44,86.6,166.7,2176,7.2
male,39,90.1,168.3,2177,3.9
male,16,90.4,177.3,2178,6.8
female,16,59.8,157.5,2179,3.3
female,36,74.2,167.9,2180,5.8
female,32,62.7,162.0,2181,6.7
female,32,67.9,158.3,2182,6.0
female,35,67.8,161.5,2183,6.0
male,29,80.8,169.0,2184,6.6
male,24,81.7,173.1,2185,6.5
male,28,85.1,173.1,2186,6.2
female,53,51.6,153.0,2187,7.5
female,38,71.7,166.2,2188,4.7
male,40,75.2,171.4,2189,8.0
female,55,74.3,163.8,2190,5.5
female,32,55.9,162.5,2191,2.8
male,26,66.2,160.9,2192,5.5
male,41,89.3,175.8,2193,7.5
male,27,86.3,179.7,2194,8.2
male,26,92.6,179.5,2195,6.6
female,42,59.9,155.2,2196,8.1
male,43,87.8,184.9,2197,3.9
male,33,74.6,170.2,2198,6.4
female,33,75.4,162.4,2199,7.7
male,27,79.6,172.1,2200,7.4
male,45,80.5,168.9,2201,5.6
male,37,82.9,172.3,2202,4.5
male,29,102.8,181.0,2203,4.2
female,44,79.6,164.0,2204,6.7
male,28,78.1,172.7,2205,4.3
female,19,60.8,158.8,2206,6.8
female,35,85.6,169.8,2207,4.6
male,33,94.1,176.8,2208,6.6
male,44,95.4,178.2,2209,7.3
male,46,83.5,174.2,2210,4.0
female,22,58.2,156.6,2211,6.9
female,44,62.3,163.9,2212,7.1
female,33,75.6,167.2,2213,4.3
male,40,96.4,175.4,2214,8.5
male,24,81.7,169.7,2215,6.8
male,30,100.5,178.6,2216,5.1
male,21,82.6,173.7,2217,6.3
male,24,88.3,174.3,2218,4.3
male,21,65.2,172.2,2219,6.1
female,28,77.7,167.5,2220,6.0
male,20,75.0,167.5,2221,3.6
male,16,94.3,180.6,2222,5.3
male,48,70.9,178.6,2223,7.5
female,42,63.2,162.5,2224,8.0
female,16,59.9,159.0,2225,5.3
female,40,72.9,167.0,2226,4.5
male,44,81.4,178.1,2227,2.8
female,33,71.7,164.0,2228,4.6
male,36,56.9,169.3,2229,5.5
female,32,61.4,164.3,2230,7.7
female,20,60.4,159.7,2231,8.5
male,41,76.8,183.1,2232,6.0
male,28,81.1,169.8,2233,5.4
male,41,89.5,170.6,2234,5.5
female,27,82.5,176.1,2235,5.8
male,29,86.1,178.2,2236,4.8
male,43,93.3,164.3,2237,7.6
female,29,54.0,154.9,2238,7.6
male,51,96.3,174.4,2239,5.8
female,36,66.4,170.0,2240,5.7
male,46,94.8,185.9,2241,5.2
female,26,70.7,159.1,2242,6.4
female,51,73.3,163.8,2243,6.4
male,16,78.9,171.7,2244,3.5
male,50,61.2,169.0,2245,6.8
male,38,96.8,176.8,2246,4.5
female,18,68.1,164.7,2247,8.0
female,17,62.4,164.0,2248,8.2
male,28,101.6,181.2,2249,8.4
female,32,47.8,156.0,2250,5.6
male,30,79.6,170.8,2251,6.3
female,36,62.9,158.3,2252,5.3
male,45,75.1,175.3,2253,7.0
female,26,61.8,157.7,2254,6.8
female,56,65.7,159.7,2255,6.7
female,43,66.6,157.2,2256,4.2
female,31,65.1,158.9,2257,3.4
female,39,54.0,154.9,2258,4.3
male,20,98.7,174.3,2259,8.3
male,37,62.5,171.4,2260,7.7
female,16,70.5,162.3,2261,7.2
male,31,73.2,174.2,2262,9.2
female,19,55.4,155.8,2263,8.3
male,23,94.0,168.2,2264,6.3
male,35,74.8,169.7,2265,9.3
male,39,84.2,173.0,2266,6.2
female,39,47.9,163.2,2267,6.2
female,53,75.4,161.2,2268,6.3
female,27,78.0,169.7,2269,7.6
female,33,82.7,166.9,2270,8.2
male,16,99.8,168.6,2271,6.7
female,24,61.3,164.7,2272,5.5
female,48,75.8,173.0,2273,3.7
male,16,88.8,175.7,2274,6.6
female,42,64.0,158.0,2275,6.8
female,23,52.1,140.7,2276,7.7
female,35,67.5,160.8,2277,5.8
female,18,55.5,160.2,2278,3.1
female,27,55.3,156.7,2279,8.6
male,43,82.5,178.8,2280,5.0
male,23,74.3,170.0,2281,5.0
female,19,65.9,159.0,2282,5.5
male,36,91.4,190.1,2283,6.9
male,16,71.4,179.8,2284,6.3
female,26,67.9,173.4,2285,4.1
female,20,59.2,163.0,2286,7.1
male,56,88.2,180.4,2287,5.6
female,19,70.5,166.2,2288,8.0
female,60,61.9,166.7,2289,5.4
female,21,78.0,163.2,2290,8.8
female,23,67.4,167.2,2291,5.9
female,20,65.2,164.6,2292,5.4
male,30,104.0,171.3,2293,9.1
male,25,72.8,174.4,2294,5.8
male,34,84.3,179.9,2295,5.6
female,21,66.1,164.4,2296,3.4
female,30,65.3,166.1,2297,3.4
male,40,94.2,176.1,2298,6.5
male,33,73.2,163.9,2299,4.3
male,20,79.1,170.8,2300,3.3
male,34,95.2,178.8,2301,5.7
male,50,80.0,166.9,2302,4.3
female,32,74.9,170.2,2303,8.2
male,27,109.6,182.6,2304,3.3
male,30,98.2,180.1,2305,5.6
male,53,73.9,179.8,2306,6.3
female,35,68.1,167.5,2307,5.7
male,28,77.3,161.1,2308,7.6
female,16,48.6,153.4,2309,8.2
male,39,91.7,177.7,2310,6.6
male,38,83.2,169.7,2311,4.4
male,27,94.6,184.0,2312,6.4
female,39,66.5,168.0,2313,2.3
male,50,100.1,182.3,2314,8.1
male,38,81.0,167.5,2315,6.4
female,20,76.9,162.7,2316,4.0
male,16,93.9,177.3,2317,4.9
female,40,79.9,165.9,2318,5.6
female,30,62.7,161.8,2319,4.9
male,46,85.1,171.9,2320,7.2
female,36,62.2,160.7,2321,7.6
male,46,87.0,187.0,2322,7.0
female,46,59.9,157.9,2323,6.3
female,40,75.1,163.7,2324,7.6
male,37,98.1,178.6,2325,5.2
male,37,92.6,173.7,2326,6.5
female,43,63.1,157.2,2327,5.4
female,16,55.9,151.9,2328,6.2
male,17,76.5,173.3,2329,6.0
male,36,77.6,164.6,2330,5.0
female,38,60.6,159.8,2331,7.6
male,52,92.6,180.2,2332,4.8
male,40,79.8,159.2,2333,6.1
female,31,59.1,161.9,2334,7.3
female,46,69.6,168.6,2335,6.9
male,31,86.7,180.8,2336,4.9
female,42,77.2,177.6,2337,6.0
female,26,63.6,162.6,2338,3.4
female,47,61.4,161.2,2339,5.6
female,19,74.1,171.4,2340,5.3
female,29,83.7,165.8,2341,5.0
male,28,97.5,174.6,2342,3.8
female,36,69.6,169.9,2343,6.6
female,29,64.8,161.2,2344,4.0
male,35,101.7,186.4,2345,7.0
female,40,67.8,164.2,2346,7.0
male,36,98.6,179.4,2347,7.9
female,39,59.1,165.0,2348,4.5
male,36,95.5,171.7,2349,4.7
female,37,63.5,159.0,2350,4.9
female,29,79.6,169.1,2351,2.9
female,42,74.3,165.8,2352,4.9
female,16,59.9,167.0,2353,6.8
male,36,74.9,169.4,2354,4.1
male,29,77.2,169.8,2355,7.0
male,40,86.8,165.4,2356,8.4
male,26,88.7,169.7,2357,4.7
male,31,90.4,180.3,2358,8.9
female,24,71.5,166.4,2359,5.3
male,35,112.2,186.7,2360,6.3
male,33,96.8,175.8,2361,8.3
male,22,100.1,176.5,2362,5.6
male,38,86.6,172.4,2363,6.6
female,32,68.5,162.5,2364,7.0
male,16,82.0,161.9,2365,4.2
male,28,64.3,169.1,2366,7.0
male,31,107.7,181.6,2367,7.9
male,19,83.0,166.7,2368,9.5
male,35,97.0,179.1,2369,5.3
male,18,77.6,175.4,2370,5.2
female,39,50.3,162.4,2371,6.0
female,31,50.3,153.0,2372,8.3
female,32,62.4,158.9,2373,5.5
female,16,57.4,157.7,2374,6.9
female,32,50.8,154.3,2375,8.0
male,46,58.5,157.6,2376,6.0
male,46,81.2,176.3,2377,6.8
female,37,65.6,153.9,2378,6.6
female,16,67.6,158.9,2379,6.8
female,36,61.3,158.9,2380,7.6
male,17,67.7,165.8,2381,8.1
male,16,89.5,173.6,2382,7.0
female,27,73.3,168.0,2383,5.6
male,28,64.3,165.1,2384,5.5
male,47,72.6,174.9,2385,8.1
female,36,75.0,165.1,2386,1.7
female,16,46.4,152.3,2387,6.4
male,29,85.1,177.8,2388,6.0
female,35,78.5,166.6,2389,8.1
female,41,69.3,173.7,2390,4.9
female,16,68.3,166.7,2391,5.1
female,51,53.6,152.5,2392,7.1
male,32,80.4,171.6,2393,7.5
male,47,84.5,186.2,2394,5.2
female,33,67.4,160.0,2395,5.3
female,42,57.2,163.7,2396,6.5
female,34,79.4,165.5,2397,7.1
male,19,90.1,183.5,2398,7.1
male,30,89.4,177.8,2399,5.9
female,35,55.6,150.0,2400,4.9
male,45,78.2,163.0,2401,3.7
female,29,80.2,172.0,2402,6.4
female,39,67.9,168.6,2403,6.6
male,40,74.2,159.8,2404,5.7
male,22,103.7,183.7,2405,6.0
female,37,84.4,171.4,2406,6.8
female,19,82.9,172.4,2407,7.1
male,44,65.3,163.1,2408,5.1
female,38,69.2,170.8,2409,6.5
male,32,90.2,176.5,2410,4.5
male,45,83.3,177.8,2411,7.4
male,18,70.5,166.3,2412,5.1
female,50,54.9,153.1,2413,6.3
female,35,59.7,156.9,2414,9.4
male,49,84.3,168.5,2415,5.8
male,26,90.1,169.2,2416,7.0
male,27,64.6,162.7,2417,8.4
male,36,89.5,173.6,2418,4.5
female,33,49.5,151.7,2419,6.5
male,36,102.2,180.5,2420,6.9
male,40,72.1,170.1,2421,7.5
male,37,88.0,173.3,2422,2.4
female,55,66.0,166.3,2423,3.8
female,28,63.8,166.7,2424,6.9
female,30,57.6,161.5,2425,8.2
female,32,77.4,170.6,2426,6.9
male,23,97.5,177.8,2427,2.1
male,32,88.0,177.7,2428,4.9
female,45,61.9,165.0,2429,5.7
male,31,86.0,171.5,2430,6.1
male,46,61.4,168.6,2431,9.3
male,27,92.3,167.2,2432,5.7
male,31,84.9,174.0,2433,5.8
female,31,68.9,165.5,2434,4.0
male,52,90.0,177.4,2435,4.0
male,34,112.0,180.0,2436,7.6
female,25,60.9,155.5,2437,5.2
female,37,51.1,153.4,2438,8.0
female,16,68.7,162.3,2439,4.9
female,35,53.2,158.0,2440,6.9
female,23,68.3,160.4,2441,6.9
female,30,55.0,160.8,2442,5.1
female,32,53.8,150.8,2443,5.6
female,27,68.6,169.4,2444,5.8
male,18,56.5,164.7,2445,4.8
female,19,82.3,168.6,2446,7.4
female,16,86.6,174.1,2447,6.6
male,24,92.6,172.8,2448,6.1
female,47,70.8,169.8,2449,6.1
male,31,86.6,175.4,2450,5.4
male,25,87.8,175.0,2451,3.3
male,39,78.8,169.8,2452,6.5
female,46,55.9,155.0,2453,5.7
female,18,59.4,163.2,2454,9.2
male,36,92.3,183.2,2455,5.8
male,37,81.4,163.3,2456,6.7
male,55,110.0,179.0,2457,7.8
female,28,62.1,162.8,2458,7.0
male,40,80.8,182.4,2459,7.3
male,45,82.5,172.3,2460,6.9
male,52,84.7,172.5,2461,7.9
male,44,92.9,181.0,2462,5.0
female,16,69.2,159.2,2463,5.6
female,33,60.8,153.4,2464,8.2
female,17,73.4,167.9,2465,7.2
female,28,57.4,157.0,2466,4.3
male,16,75.6,173.8,2467,8.0
female,31,80.6,171.6,2468,6.7
female,36,73.9,168.1,2469,7.4
male,34,96.6,183.2,2470,5.8
male,39,99.4,176.7,2471,6.3
male,43,79.1,176.6,2472,6.7
female,41,66.8,162.3,2473,7.7
male,29,97.8,189.0,2474,7.6
female,27,67.6,161.3,2475,6.4
female,23,65.3,168.3,2476,6.9
female,25,82.5,168.5,2477,6.4
female,38,62.5,156.8,2478,2.9
female,27,65.3,170.5,2479,6.5
male,19,76.8,174.8,2480,4.6
male,47,66.7,166.1,2481,4.4
male,40,84.8,176.9,2482,2.5
female,34,90.8,166.0,2483,6.3
male,33,94.0,174.3,2484,6.1
male,43,79.8,176.8,2485,7.7
female,24,60.3,168.0,2486,7.6
female,38,61.6,162.5,2487,5.5
male,16,76.0,168.4,2488,4.1
male,38,82.5,164.2,2489,5.3
male,41,78.8,171.5,2490,6.9
female,43,41.7,143.5,2491,4.6
female,22,62.1,172.8,2492,5.7
male,30,95.0,178.4,2493,4.1
female,27,44.6,151.9,2494,8.9
male,34,94.7,176.3,2495,4.8
female,35,62.8,154.7,2496,5.5
female,20,56.4,151.7,2497,4.9
female,21,69.8,174.2,2498,3.9
female,47,72.0,170.1,2499,6.9
male,21,77.3,173.1,2500,7.1
female,23,59.3,151.0,2501,6.1
female,24,65.2,170.5,2502,6.5
male,29,65.0,162.3,2503,3.8
female,42,70.0,169.6,2504,5.3
female,47,71.7,158.0,2505,5.4
female,37,50.6,158.9,2506,7.5
male,33,76.8,173.8,2507,5.2
male,44,87.3,175.0,2508,9.6
female,26,79.5,168.1,2509,4.1
female,47,69.2,163.4,2510,3.4
male,29,80.2,168.2,2511,5.2
female,16,54.8,156.5,2512,5.6
male,17,80.4,172.0,2513,6.1
female,33,57.7,157.4,2514,10.0
male,45,88.9,169.6,2515,6.3
female,36,64.7,163.3,2516,2.6
female,20,70.9,174.4,2517,5.6
female,34,52.3,149.7,2518,8.5
female,22,69.3,164.3,2519,8.9
male,37,73.3,164.7,2520,4.1
female,34,62.4,164.4,2521,7.1
male,20,87.3,174.4,2522,5.9
male,24,81.8,167.4,2523,4.9
female,45,61.3,159.8,2524,3.8
male,25,71.6,163.1,2525,4.6
female,42,67.8,163.7,2526,6.0
female,16,58.0,156.2,2527,4.1
male,52,82.6,180.1,2528,4.4
female,36,75.3,160.8,2529,5.7
male,45,87.8,178.0,2530,6.0
female,42,59.2,159.9,2531,4.4
female,46,62.3,164.1,2532,5.0
female,32,57.4,158.4,2533,9.0
female,28,69.4,164.8,2534,6.1
male,43,84.7,176.9,2535,9.3
female,54,56.5,160.8,2536,3.4
male,29,77.3,171.4,2537,4.7
male,46,84.9,172.6,2538,5.9
female,16,85.6,172.7,2539,6.3
male,23,75.5,171.2,2540,4.7
female,16,49.4,145.6,2541,7.5
female,21,52.8,157.8,2542,1.8
female,44,65.5,164.8,2543,5.1
female,30,57.8,158.4,2544,8.3
male,55,87.2,178.5,2545,9.0
male,27,87.6,175.8,2546,9.1
female,39,52.7,160.1,2547,5.6
male,33,81.3,167.5,2548,6.4
male,25,89.9,174.6,2549,6.2
male,38,85.3,178.2,2550,7.0
male,29,80.2,179.8,2551,5.7
male,52,104.1,182.9,2552,6.0
female,35,68.7,161.2,2553,5.9
male,16,77.3,173.1,2554,8.5
female,40,64.6,162.9,2555,5.4
male,40,87.2,177.1,2556,6.4
female,34,57.6,166.4,2557,4.8
female,32,62.3,160.4,2558,6.3
female,36,81.9,171.0,2559,3.5
female,19,51.3,157.0,2560,3.8
male,33,91.9,168.0,2561,5.0
female,23,68.5,162.9,2562,3.3
male,33,99.9,189.6,2563,8.0
female,39,58.5,164.5,2564,7.1
female,47,79.3,165.6,2565,7.5
male,40,80.0,181.3,2566,6.5
female,37,83.8,177.0,2567,4.5
female,39,56.3,159.5,2568,5.4
female,24,49.3,157.4,2569,7.5
female,26,51.4,152.5,2570,6.2
male,34,92.2,166.5,2571,4.5
female,16,56.7,158.0,2572,7.1
male,38,85.0,173.9,2573,9.0
male,32,103.6,192.4,2574,6.9
female,37,47.5,150.4,2575,4.9
male,16,80.7,168.5,2576,7.5
female,37,71.9,173.5,2577,4.8
female,19,63.4,165.5,2578,6.5
female,42,66.8,156.8,2579,6.4
male,47,83.8,160.8,2580,4.1
female,21,66.2,162.9,2581,3.6
female,33,51.7,158.3,2582,4.0
female,25,78.5,169.4,2583,5.3
female,29,60.7,163.2,2584,7.0
male,16,84.3,176.1,2585,6.3
male,34,71.6,163.8,2586,5.1
female,16,68.4,160.4,2587,8.1
female,49,45.0,151.7,2588,6.9
male,47,90.3,179.8,2589,5.3
female,32,82.6,164.7,2590,6.4
male,16,90.4,174.3,2591,7.4
female,42,55.7,151.2,2592,5.9
male,37,77.5,174.3,2593,4.4
male,36,87.8,173.1,2594,7.7
male,37,90.1,182.0,2595,5.8
male,42,81.1,179.0,2596,3.8
female,26,63.3,166.2,2597,4.7
male,51,67.4,166.7,2598,7.3
male,28,90.5,177.3,2599,5.6
male,30,130.5,198.3,2600,8.0
female,40,60.9,159.7,2601,5.6
male,24,71.1,170.6,2602,6.4
male,39,75.9,177.0,2603,8.1
male,39,79.2,173.5,2604,4.6
male,40,98.0,179.0,2605,7.5
female,32,55.4,156.5,2606,5.0
female,39,62.5,159.2,2607,4.4
female,43,66.9,168.7,2608,9.3
male,30,82.7,168.1,2609,7.3
female,34,54.1,156.0,2610,7.2
male,35,92.0,180.4,2611,8.1
male,42,101.2,182.3,2612,7.7
female,45,44.9,157.3,2613,5.9
female,47,57.0,157.6,2614,2.8
male,34,78.1,166.5,2615,6.3
female,37,80.1,164.5,2616,5.9
male,31,78.3,172.3,2617,3.5
male,38,88.7,179.6,2618,5.6
female,24,64.3,157.7,2619,8.1
male,44,83.7,181.7,2620,6.2
male,39,108.5,183.5,2621,6.5
female,40,75.8,167.9,2622,5.3
female,28,58.6,154.3,2623,6.9
female,20,76.4,173.2,2624,7.9
female,25,69.5,170.9,2625,7.0
male,31,80.8,169.4,2626,5.3
female,27,57.6,155.0,2627,5.7
female,32,72.8,166.5,2628,6.4
female,47,98.4,184.2,2629,6.8
male,26,73.6,172.2,2630,5.1
male,16,95.8,170.4,2631,3.8
male,41,94.4,170.0,2632,7.3
male,49,96.3,180.8,2633,6.8
female,53,49.6,153.0,2634,4.9
female,28,56.5,164.9,2635,6.0
male,29,84.1,179.4,2636,9.7
female,16,87.5,170.4,2637,5.9
female,24,70.2,167.3,2638,5.1
male,36,82.9,173.8,2639,5.3
male,51,92.2,178.4,2640,3.4
female,40,50.9,153.0,2641,4.3
female,16,59.4,162.6,2642,5.2
male,29,73.3,173.8,2643,6.1
female,38,69.5,167.2,2644,6.1
male,39,71.2,170.8,2645,4.3
male,22,68.5,169.0,2646,9.7
male,33,82.1,181.5,2647,5.2
female,37,71.0,173.3,2648,7.1
female,45,78.1,167.4,2649,5.1
male,17,80.8,173.3,2650,6.2
male,45,74.4,171.6,2651,4.7
male,20,76.7,174.3,2652,6.0
male,33,110.7,181.9,2653,5.5
female,19,72.7,162.5,2654,6.7
male,40,97.9,189.0,2655,6.7
male,33,112.4,189.7,2656,8.6
male,34,73.0,177.1,2657,5.4
male,21,82.9,171.9,2658,5.4
female,39,70.3,166.9,2659,3.3
male,28,84.8,172.6,2660,7.5
female,31,73.0,162.0,2661,8.0
female,20,69.8,161.4,2662,5.6
female,36,71.5,159.3,2663,4.7
male,30,92.0,179.2,2664,5.2
male,30,78.6,156.6,2665,7.1
male,33,81.9,176.7,2666,8.6
female,48,62.4,158.3,2667,6.6
male,28,75.3,167.8,2668,5.6
female,21,54.8,152.7,2669,5.1
female,25,75.2,164.4,2670,3.4
female,33,55.5,160.7,2671,5.9
male,24,74.3,173.1,2672,6.4
female,21,60.3,159.4,2673,5.3
male,16,71.5,170.6,2674,6.3
male,31,79.9,169.7,2675,7.6
female,31,62.7,161.0,2676,5.6
male,18,85.5,168.6,2677,4.5
female,27,62.1,158.2,2678,6.7
male,26,89.3,170.1,2679,5.8
male,46,76.0,176.1,2680,3.9
male,36,72.0,165.8,2681,4.0
male,33,72.9,172.0,2682,4.7
female,38,57.1,157.2,2683,3.0
female,26,61.1,159.3,2684,6.1
female,40,71.6,163.7,2685,6.9
male,33,92.2,173.1,2686,6.3
male,27,77.3,164.5,2687,7.5
male,28,86.9,185.4,2688,5.8
female,19,64.7,164.6,2689,7.2
male,35,87.4,181.0,2690,7.2
female,31,47.7,149.1,2691,8.8
male,24,81.7,174.9,2692,6.8
male,28,81.3,175.5,2693,5.5
male,45,59.8,151.5,2694,7.3
female,40,62.8,156.3,2695,3.1
female,40,68.1,151.3,2696,5.3
male,20,70.6,160.7,2697,7.2
female,33,57.6,159.7,2698,4.1
female,51,66.8,161.9,2699,5.7
male,36,91.5,180.2,2700,6.3
male,33,79.6,167.3,2701,5.0
male,16,108.6,182.4,2702,3.9
female,22,83.9,173.7,2703,7.1
female,20,60.6,161.4,2704,6.7
male,20,75.5,177.6,2705,8.3
female,53,66.3,162.6,2706,6.1
male,22,104.9,185.9,2707,5.7
male,23,99.0,190.9,2708,5.5
female,51,79.6,171.3,2709,5.5
male,57,84.1,178.1,2710,4.2
female,35,72.9,173.1,2711,7.4
male,30,93.1,169.7,2712,9.0
female,45,55.1,161.2,2713,7.4
male,38,84.2,174.7,2714,5.2
female,25,72.9,155.2,2715,5.8
female,38,70.0,172.2,2716,2.5
female,43,64.6,160.3,2717,8.3
female,20,72.2,171.7,2718,6.1
female,29,77.9,167.2,2719,3.5
female,32,76.5,172.2,2720,8.9
male,43,80.3,165.3,2721,5.9
male,16,86.4,175.6,2722,6.0
male,41,78.7,176.7,2723,6.9
male,27,86.6,170.2,2724,6.6
female,43,69.7,164.7,2725,7.0
female,29,65.7,163.6,2726,6.8
female,42,60.1,154.5,2727,4.0
female,27,54.7,167.0,2728,6.1
male,35,103.8,188.8,2729,4.6
female,24,63.5,157.4,2730,3.7
male,24,80.4,169.0,2731,5.5
female,37,68.8,158.6,2732,6.6
female,49,54.1,155.3,2733,7.0
male,16,67.0,165.8,2734,7.0
male,47,87.6,172.5,2735,3.8
female,40,68.0,166.9,2736,6.1
female,56,68.4,164.6,2737,5.8
male,37,73.5,168.0,2738,6.7
female,43,72.1,168.1,2739,5.6
male,16,74.4,166.1,2740,7.8
female,30,49.5,158.6,2741,5.6
male,36,69.3,171.7,2742,7.1
male,24,96.0,174.7,2743,6.6
male,16,77.6,177.2,2744,5.8
male,20,87.3,175.4,2745,6.2
female,34,66.4,161.6,2746,7.3
male,45,97.4,187.8,2747,3.6
male,27,78.7,181.9,2748,3.6
male,22,91.7,175.1,2749,6.9
female,30,73.8,164.0,2750,6.0
male,27,99.0,179.4,2751,8.7
male,45,86.8,181.7,2752,6.4
male,41,85.7,177.2,2753,5.9
female,38,66.0,159.2,2754,8.1
male,26,80.0,168.9,2755,4.2
male,20,82.5,171.5,2756,5.2
female,31,65.0,159.1,2757,4.3
female,45,75.4,161.8,2758,6.7
male,31,86.6,182.7,2759,6.4
male,32,86.6,170.4,2760,6.9
female,25,71.2,167.6,2761,3.4
male,38,85.6,168.5,2762,5.6
male,34,86.2,182.3,2763,7.4
male,32,89.4,179.2,2764,6.4
male,32,92.6,174.7,2765,4.7
male,30,74.5,175.4,2766,5.1
male,26,72.2,176.3,2767,7.5
male,39,98.9,180.1,2768,6.1
female,35,63.6,159.4,2769,8.9
male,28,82.5,177.6,2770,7.2
female,31,79.3,165.6,2771,6.4
male,34,78.2,179.0,2772,6.0
female,40,67.2,165.5,2773,6.6
female,16,66.6,169.4,2774,2.4
male,24,87.9,172.4,2775,4.4
male,50,83.3,174.8,2776,6.8
female,23,60.3,153.8,2777,4.4
female,22,60.5,162.9,2778,2.8
male,34,73.4,171.2,2779,6.8
female,16,43.1,154.4,2780,7.0
male,24,97.6,183.5,2781,4.7
male,35,81.6,177.5,2782,6.1
female,16,62.0,158.0,2783,3.7
male,38,83.8,172.7,2784,6.6
male,22,75.4,166.2,2785,3.8
female,24,61.4,158.7,2786,5.4
male,44,95.3,174.2,2787,6.3
male,44,68.4,164.8,2788,7.0
female,47,52.3,161.0,2789,4.8
female,36,67.1,164.2,2790,4.1
male,33,79.2,166.6,2791,5.6
female,26,63.5,158.2,2792,4.7
female,30,64.1,158.8,2793,4.2
female,43,71.2,173.2,2794,4.7
female,27,73.5,167.2,2795,7.1
male,52,70.9,168.4,2796,5.7
female,37,79.5,165.8,2797,3.9
female,34,48.4,147.3,2798,6.7
male,16,76.2,165.3,2799,8.1
female,17,77.4,162.3,2800,9.9
male,40,65.1,160.6,2801,6.6
female,48,77.1,168.8,2802,6.7
male,43,94.0,187.8,2803,4.5
female,27,69.4,156.0,2804,6.2
male,28,76.5,170.2,2805,4.3
female,20,78.5,156.6,2806,7.8
female,16,66.8,160.4,2807,4.2
female,55,59.7,161.1,2808,6.4
female,24,73.1,166.6,2809,5.4
male,29,90.5,179.9,2810,5.7
female,25,63.5,155.7,2811,6.7
male,24,86.6,177.3,2812,5.9
male,25,94.7,183.3,2813,5.5
female,27,54.1,159.8,2814,7.3
female,44,69.5,157.2,2815,5.8
male,33,87.0,161.8,2816,4.7
male,35,78.9,167.6,2817,6.0
male,18,90.1,177.2,2818,5.5
female,30,58.4,156.0,2819,5.4
male,30,81.0,177.8,2820,5.3
female,40,59.7,161.0,2821,5.9
male,32,92.1,186.6,2822,4.4
female,37,61.6,164.3,2823,6.6
male,30,95.4,180.9,2824,7.0
female,34,64.2,168.3,2825,5.7
male,32,88.4,180.3,2826,5.1
female,27,63.2,161.3,2827,4.0
female,41,67.1,163.6,2828,5.8
male,37,89.8,172.9,2829,5.2
female,21,63.2,168.9,2830,5.0
female,16,74.6,171.0,2831,7.4
female,29,57.8,158.7,2832,5.7
male,45,66.3,168.9,2833,5.0
female,43,76.8,169.7,2834,6.0
male,55,78.0,171.9,2835,8.6
female,18,47.8,155.9,2836,7.2
male,16,86.8,173.1,2837,6.9
female,18,41.8,150.8,2838,6.5
male,27,85.9,166.4,2839,4.2
male,35,80.6,172.0,2840,4.3
female,16,63.4,157.4,2841,7.9
male,45,100.3,178.8,2842,4.5
female,16,62.2,163.0,2843,7.2
female,29,61.8,159.2,2844,5.2
male,26,86.6,174.1,2845,5.6
male,28,68.4,165.7,2846,7.2
female,16,69.2,159.4,2847,7.5
male,47,92.2,174.5,2848,7.2
male,16,90.9,180.4,2849,4.5
female,40,64.4,159.5,2850,5.4
male,27,75.6,168.5,2851,5.0
female,32,54.9,163.4,2852,5.2
male,32,100.3,182.2,2853,7.8
male,38,67.3,166.8,2854,5.5
female,51,70.2,159.1,2855,5.4
male,32,69.0,181.8,2856,5.8
female,17,47.6,150.3,2857,5.2
male,27,68.3,166.0,2858,6.1
male,21,76.2,178.5,2859,6.6
male,32,75.5,173.4,2860,6.4
male,37,89.8,176.5,2861,3.8
female,30,76.7,158.5,2862,6.2
male,28,90.2,171.5,2863,6.4
female,24,81.1,166.9,2864,6.0
female,38,62.7,158.6,2865,8.2
female,25,65.0,167.9,2866,4.2
female,25,56.9,157.6,2867,5.0
male,33,84.5,182.4,2868,5.7
male,37,76.2,178.2,2869,6.1
female,37,66.4,160.9,2870,5.4
male,57,71.3,180.4,2871,5.3
female,32,63.5,155.8,2872,4.0
male,31,107.4,190.7,2873,4.6
male,34,79.8,172.6,2874,4.8
female,38,49.2,154.4,2875,2.2
female,16,64.5,168.2,2876,7.1
female,30,49.9,151.0,2877,8.2
female,28,65.4,155.5,2878,7.3
male,16,91.0,175.3,2879,5.7
male,38,79.5,167.2,2880,5.9
female,41,63.6,156.8,2881,7.3
female,26,56.5,157.5,2882,4.9
male,17,86.4,173.0,2883,5.0
male,52,83.2,176.3,2884,8.1
female,18,77.1,178.1,2885,6.8
male,24,89.4,183.7,2886,7.3
male,35,96.5,173.2,2887,4.1
female,26,50.7,152.7,2888,6.8
female,36,69.8,162.4,2889,6.9
female,26,62.6,161.4,2890,7.5
male,40,71.9,170.2,2891,5.4
male,30,102.4,175.7,2892,6.7
male,36,62.0,171.0,2893,5.9
female,46,82.6,173.3,2894,5.4
female,23,47.4,156.0,2895,4.3
male,35,87.6,181.9,2896,5.9
female,32,70.3,167.6,2897,5.2
female,39,56.8,155.5,2898,4.4
male,36,104.7,187.3,2899,5.5
male,37,81.1,184.2,2900,4.8
male,29,89.5,182.8,2901,8.0
female,23,65.7,161.0,2902,7.0
male,44,91.4,182.1,2903,6.9
female,30,58.8,152.9,2904,4.1
male,32,85.3,179.9,2905,7.5
female,38,59.5,156.7,2906,6.1
male,16,72.5,170.7,2907,7.9
male,16,89.2,192.5,2908,7.0
male,37,94.9,182.7,2909,5.6
male,40,85.3,181.2,2910,8.4
female,16,60.7,163.5,2911,6.6
male,40,87.7,177.1,2912,5.0
female,45,60.2,157.8,2913,6.4
female,20,62.8,167.4,2914,5.8
male,32,79.0,167.1,2915,8.3
male,28,77.3,184.4,2916,5.4
male,26,71.8,167.7,2917,5.6
